date_key,date,year,quarter,month,month_name,week_of_year,is_conference_season
20190101,2019-01-01,2019,1,1,January,1,False
20190102,2019-01-02,2019,1,1,January,1,False
20190103,2019-01-03,2019,1,1,January,1,False
20190104,2019-01-04,2019,1,1,January,1,False
20190105,2019-01-05,2019,1,1,January,1,False
20190106,2019-01-06,2019,1,1,January,1,False
20190107,2019-01-07,2019,1,1,January,2,False
20190108,2019-01-08,2019,1,1,January,2,False
20190109,2019-01-09,2019,1,1,January,2,False
20190110,2019-01-10,2019,1,1,January,2,False
20190111,2019-01-11,2019,1,1,January,2,False
20190112,2019-01-12,2019,1,1,January,2,False
20190113,2019-01-13,2019,1,1,January,2,False
20190114,2019-01-14,2019,1,1,January,3,False
20190115,2019-01-15,2019,1,1,January,3,False
20190116,2019-01-16,2019,1,1,January,3,False
20190117,2019-01-17,2019,1,1,January,3,False
20190118,2019-01-18,2019,1,1,January,3,False
20190119,2019-01-19,2019,1,1,January,3,False
20190120,2019-01-20,2019,1,1,January,3,False
20190121,2019-01-21,2019,1,1,January,4,False
20190122,2019-01-22,2019,1,1,January,4,False
20190123,2019-01-23,2019,1,1,January,4,False
20190124,2019-01-24,2019,1,1,January,4,False
20190125,2019-01-25,2019,1,1,January,4,False
20190126,2019-01-26,2019,1,1,January,4,False
20190127,2019-01-27,2019,1,1,January,4,False
20190128,2019-01-28,2019,1,1,January,5,False
20190129,2019-01-29,2019,1,1,January,5,False
20190130,2019-01-30,2019,1,1,January,5,False
20190131,2019-01-31,2019,1,1,January,5,False
20190201,2019-02-01,2019,1,2,February,5,False
20190202,2019-02-02,2019,1,2,February,5,False
20190203,2019-02-03,2019,1,2,February,5,False
20190204,2019-02-04,2019,1,2,February,6,False
20190205,2019-02-05,2019,1,2,February,6,False
20190206,2019-02-06,2019,1,2,February,6,False
20190207,2019-02-07,2019,1,2,February,6,False
20190208,2019-02-08,2019,1,2,February,6,False
20190209,2019-02-09,2019,1,2,February,6,False
20190210,2019-02-10,2019,1,2,February,6,False
20190211,2019-02-11,2019,1,2,February,7,False
20190212,2019-02-12,2019,1,2,February,7,False
20190213,2019-02-13,2019,1,2,February,7,False
20190214,2019-02-14,2019,1,2,February,7,False
20190215,2019-02-15,2019,1,2,February,7,False
20190216,2019-02-16,2019,1,2,February,7,False
20190217,2019-02-17,2019,1,2,February,7,False
20190218,2019-02-18,2019,1,2,February,8,False
20190219,2019-02-19,2019,1,2,February,8,False
20190220,2019-02-20,2019,1,2,February,8,False
20190221,2019-02-21,2019,1,2,February,8,False
20190222,2019-02-22,2019,1,2,February,8,False
20190223,2019-02-23,2019,1,2,February,8,False
20190224,2019-02-24,2019,1,2,February,8,False
20190225,2019-02-25,2019,1,2,February,9,False
20190226,2019-02-26,2019,1,2,February,9,False
20190227,2019-02-27,2019,1,2,February,9,False
20190228,2019-02-28,2019,1,2,February,9,False
20190301,2019-03-01,2019,1,3,March,9,True
20190302,2019-03-02,2019,1,3,March,9,True
20190303,2019-03-03,2019,1,3,March,9,True
20190304,2019-03-04,2019,1,3,March,10,True
20190305,2019-03-05,2019,1,3,March,10,True
20190306,2019-03-06,2019,1,3,March,10,True
20190307,2019-03-07,2019,1,3,March,10,True
20190308,2019-03-08,2019,1,3,March,10,True
20190309,2019-03-09,2019,1,3,March,10,True
20190310,2019-03-10,2019,1,3,March,10,True
20190311,2019-03-11,2019,1,3,March,11,True
20190312,2019-03-12,2019,1,3,March,11,True
20190313,2019-03-13,2019,1,3,March,11,True
20190314,2019-03-14,2019,1,3,March,11,True
20190315,2019-03-15,2019,1,3,March,11,True
20190316,2019-03-16,2019,1,3,March,11,True
20190317,2019-03-17,2019,1,3,March,11,True
20190318,2019-03-18,2019,1,3,March,12,True
20190319,2019-03-19,2019,1,3,March,12,True
20190320,2019-03-20,2019,1,3,March,12,True
20190321,2019-03-21,2019,1,3,March,12,True
20190322,2019-03-22,2019,1,3,March,12,True
20190323,2019-03-23,2019,1,3,March,12,True
20190324,2019-03-24,2019,1,3,March,12,True
20190325,2019-03-25,2019,1,3,March,13,True
20190326,2019-03-26,2019,1,3,March,13,True
20190327,2019-03-27,2019,1,3,March,13,True
20190328,2019-03-28,2019,1,3,March,13,True
20190329,2019-03-29,2019,1,3,March,13,True
20190330,2019-03-30,2019,1,3,March,13,True
20190331,2019-03-31,2019,1,3,March,13,True
20190401,2019-04-01,2019,2,4,April,14,True
20190402,2019-04-02,2019,2,4,April,14,True
20190403,2019-04-03,2019,2,4,April,14,True
20190404,2019-04-04,2019,2,4,April,14,True
20190405,2019-04-05,2019,2,4,April,14,True
20190406,2019-04-06,2019,2,4,April,14,True
20190407,2019-04-07,2019,2,4,April,14,True
20190408,2019-04-08,2019,2,4,April,15,True
20190409,2019-04-09,2019,2,4,April,15,True
20190410,2019-04-10,2019,2,4,April,15,True
20190411,2019-04-11,2019,2,4,April,15,True
20190412,2019-04-12,2019,2,4,April,15,True
20190413,2019-04-13,2019,2,4,April,15,True
20190414,2019-04-14,2019,2,4,April,15,True
20190415,2019-04-15,2019,2,4,April,16,True
20190416,2019-04-16,2019,2,4,April,16,True
20190417,2019-04-17,2019,2,4,April,16,True
20190418,2019-04-18,2019,2,4,April,16,True
20190419,2019-04-19,2019,2,4,April,16,True
20190420,2019-04-20,2019,2,4,April,16,True
20190421,2019-04-21,2019,2,4,April,16,True
20190422,2019-04-22,2019,2,4,April,17,True
20190423,2019-04-23,2019,2,4,April,17,True
20190424,2019-04-24,2019,2,4,April,17,True
20190425,2019-04-25,2019,2,4,April,17,True
20190426,2019-04-26,2019,2,4,April,17,True
20190427,2019-04-27,2019,2,4,April,17,True
20190428,2019-04-28,2019,2,4,April,17,True
20190429,2019-04-29,2019,2,4,April,18,True
20190430,2019-04-30,2019,2,4,April,18,True
20190501,2019-05-01,2019,2,5,May,18,True
20190502,2019-05-02,2019,2,5,May,18,True
20190503,2019-05-03,2019,2,5,May,18,True
20190504,2019-05-04,2019,2,5,May,18,True
20190505,2019-05-05,2019,2,5,May,18,True
20190506,2019-05-06,2019,2,5,May,19,True
20190507,2019-05-07,2019,2,5,May,19,True
20190508,2019-05-08,2019,2,5,May,19,True
20190509,2019-05-09,2019,2,5,May,19,True
20190510,2019-05-10,2019,2,5,May,19,True
20190511,2019-05-11,2019,2,5,May,19,True
20190512,2019-05-12,2019,2,5,May,19,True
20190513,2019-05-13,2019,2,5,May,20,True
20190514,2019-05-14,2019,2,5,May,20,True
20190515,2019-05-15,2019,2,5,May,20,True
20190516,2019-05-16,2019,2,5,May,20,True
20190517,2019-05-17,2019,2,5,May,20,True
20190518,2019-05-18,2019,2,5,May,20,True
20190519,2019-05-19,2019,2,5,May,20,True
20190520,2019-05-20,2019,2,5,May,21,True
20190521,2019-05-21,2019,2,5,May,21,True
20190522,2019-05-22,2019,2,5,May,21,True
20190523,2019-05-23,2019,2,5,May,21,True
20190524,2019-05-24,2019,2,5,May,21,True
20190525,2019-05-25,2019,2,5,May,21,True
20190526,2019-05-26,2019,2,5,May,21,True
20190527,2019-05-27,2019,2,5,May,22,True
20190528,2019-05-28,2019,2,5,May,22,True
20190529,2019-05-29,2019,2,5,May,22,True
20190530,2019-05-30,2019,2,5,May,22,True
20190531,2019-05-31,2019,2,5,May,22,True
20190601,2019-06-01,2019,2,6,June,22,True
20190602,2019-06-02,2019,2,6,June,22,True
20190603,2019-06-03,2019,2,6,June,23,True
20190604,2019-06-04,2019,2,6,June,23,True
20190605,2019-06-05,2019,2,6,June,23,True
20190606,2019-06-06,2019,2,6,June,23,True
20190607,2019-06-07,2019,2,6,June,23,True
20190608,2019-06-08,2019,2,6,June,23,True
20190609,2019-06-09,2019,2,6,June,23,True
20190610,2019-06-10,2019,2,6,June,24,True
20190611,2019-06-11,2019,2,6,June,24,True
20190612,2019-06-12,2019,2,6,June,24,True
20190613,2019-06-13,2019,2,6,June,24,True
20190614,2019-06-14,2019,2,6,June,24,True
20190615,2019-06-15,2019,2,6,June,24,True
20190616,2019-06-16,2019,2,6,June,24,True
20190617,2019-06-17,2019,2,6,June,25,True
20190618,2019-06-18,2019,2,6,June,25,True
20190619,2019-06-19,2019,2,6,June,25,True
20190620,2019-06-20,2019,2,6,June,25,True
20190621,2019-06-21,2019,2,6,June,25,True
20190622,2019-06-22,2019,2,6,June,25,True
20190623,2019-06-23,2019,2,6,June,25,True
20190624,2019-06-24,2019,2,6,June,26,True
20190625,2019-06-25,2019,2,6,June,26,True
20190626,2019-06-26,2019,2,6,June,26,True
20190627,2019-06-27,2019,2,6,June,26,True
20190628,2019-06-28,2019,2,6,June,26,True
20190629,2019-06-29,2019,2,6,June,26,True
20190630,2019-06-30,2019,2,6,June,26,True
20190701,2019-07-01,2019,3,7,July,27,False
20190702,2019-07-02,2019,3,7,July,27,False
20190703,2019-07-03,2019,3,7,July,27,False
20190704,2019-07-04,2019,3,7,July,27,False
20190705,2019-07-05,2019,3,7,July,27,False
20190706,2019-07-06,2019,3,7,July,27,False
20190707,2019-07-07,2019,3,7,July,27,False
20190708,2019-07-08,2019,3,7,July,28,False
20190709,2019-07-09,2019,3,7,July,28,False
20190710,2019-07-10,2019,3,7,July,28,False
20190711,2019-07-11,2019,3,7,July,28,False
20190712,2019-07-12,2019,3,7,July,28,False
20190713,2019-07-13,2019,3,7,July,28,False
20190714,2019-07-14,2019,3,7,July,28,False
20190715,2019-07-15,2019,3,7,July,29,False
20190716,2019-07-16,2019,3,7,July,29,False
20190717,2019-07-17,2019,3,7,July,29,False
20190718,2019-07-18,2019,3,7,July,29,False
20190719,2019-07-19,2019,3,7,July,29,False
20190720,2019-07-20,2019,3,7,July,29,False
20190721,2019-07-21,2019,3,7,July,29,False
20190722,2019-07-22,2019,3,7,July,30,False
20190723,2019-07-23,2019,3,7,July,30,False
20190724,2019-07-24,2019,3,7,July,30,False
20190725,2019-07-25,2019,3,7,July,30,False
20190726,2019-07-26,2019,3,7,July,30,False
20190727,2019-07-27,2019,3,7,July,30,False
20190728,2019-07-28,2019,3,7,July,30,False
20190729,2019-07-29,2019,3,7,July,31,False
20190730,2019-07-30,2019,3,7,July,31,False
20190731,2019-07-31,2019,3,7,July,31,False
20190801,2019-08-01,2019,3,8,August,31,False
20190802,2019-08-02,2019,3,8,August,31,False
20190803,2019-08-03,2019,3,8,August,31,False
20190804,2019-08-04,2019,3,8,August,31,False
20190805,2019-08-05,2019,3,8,August,32,False
20190806,2019-08-06,2019,3,8,August,32,False
20190807,2019-08-07,2019,3,8,August,32,False
20190808,2019-08-08,2019,3,8,August,32,False
20190809,2019-08-09,2019,3,8,August,32,False
20190810,2019-08-10,2019,3,8,August,32,False
20190811,2019-08-11,2019,3,8,August,32,False
20190812,2019-08-12,2019,3,8,August,33,False
20190813,2019-08-13,2019,3,8,August,33,False
20190814,2019-08-14,2019,3,8,August,33,False
20190815,2019-08-15,2019,3,8,August,33,False
20190816,2019-08-16,2019,3,8,August,33,False
20190817,2019-08-17,2019,3,8,August,33,False
20190818,2019-08-18,2019,3,8,August,33,False
20190819,2019-08-19,2019,3,8,August,34,False
20190820,2019-08-20,2019,3,8,August,34,False
20190821,2019-08-21,2019,3,8,August,34,False
20190822,2019-08-22,2019,3,8,August,34,False
20190823,2019-08-23,2019,3,8,August,34,False
20190824,2019-08-24,2019,3,8,August,34,False
20190825,2019-08-25,2019,3,8,August,34,False
20190826,2019-08-26,2019,3,8,August,35,False
20190827,2019-08-27,2019,3,8,August,35,False
20190828,2019-08-28,2019,3,8,August,35,False
20190829,2019-08-29,2019,3,8,August,35,False
20190830,2019-08-30,2019,3,8,August,35,False
20190831,2019-08-31,2019,3,8,August,35,False
20190901,2019-09-01,2019,3,9,September,35,True
20190902,2019-09-02,2019,3,9,September,36,True
20190903,2019-09-03,2019,3,9,September,36,True
20190904,2019-09-04,2019,3,9,September,36,True
20190905,2019-09-05,2019,3,9,September,36,True
20190906,2019-09-06,2019,3,9,September,36,True
20190907,2019-09-07,2019,3,9,September,36,True
20190908,2019-09-08,2019,3,9,September,36,True
20190909,2019-09-09,2019,3,9,September,37,True
20190910,2019-09-10,2019,3,9,September,37,True
20190911,2019-09-11,2019,3,9,September,37,True
20190912,2019-09-12,2019,3,9,September,37,True
20190913,2019-09-13,2019,3,9,September,37,True
20190914,2019-09-14,2019,3,9,September,37,True
20190915,2019-09-15,2019,3,9,September,37,True
20190916,2019-09-16,2019,3,9,September,38,True
20190917,2019-09-17,2019,3,9,September,38,True
20190918,2019-09-18,2019,3,9,September,38,True
20190919,2019-09-19,2019,3,9,September,38,True
20190920,2019-09-20,2019,3,9,September,38,True
20190921,2019-09-21,2019,3,9,September,38,True
20190922,2019-09-22,2019,3,9,September,38,True
20190923,2019-09-23,2019,3,9,September,39,True
20190924,2019-09-24,2019,3,9,September,39,True
20190925,2019-09-25,2019,3,9,September,39,True
20190926,2019-09-26,2019,3,9,September,39,True
20190927,2019-09-27,2019,3,9,September,39,True
20190928,2019-09-28,2019,3,9,September,39,True
20190929,2019-09-29,2019,3,9,September,39,True
20190930,2019-09-30,2019,3,9,September,40,True
20191001,2019-10-01,2019,4,10,October,40,True
20191002,2019-10-02,2019,4,10,October,40,True
20191003,2019-10-03,2019,4,10,October,40,True
20191004,2019-10-04,2019,4,10,October,40,True
20191005,2019-10-05,2019,4,10,October,40,True
20191006,2019-10-06,2019,4,10,October,40,True
20191007,2019-10-07,2019,4,10,October,41,True
20191008,2019-10-08,2019,4,10,October,41,True
20191009,2019-10-09,2019,4,10,October,41,True
20191010,2019-10-10,2019,4,10,October,41,True
20191011,2019-10-11,2019,4,10,October,41,True
20191012,2019-10-12,2019,4,10,October,41,True
20191013,2019-10-13,2019,4,10,October,41,True
20191014,2019-10-14,2019,4,10,October,42,True
20191015,2019-10-15,2019,4,10,October,42,True
20191016,2019-10-16,2019,4,10,October,42,True
20191017,2019-10-17,2019,4,10,October,42,True
20191018,2019-10-18,2019,4,10,October,42,True
20191019,2019-10-19,2019,4,10,October,42,True
20191020,2019-10-20,2019,4,10,October,42,True
20191021,2019-10-21,2019,4,10,October,43,True
20191022,2019-10-22,2019,4,10,October,43,True
20191023,2019-10-23,2019,4,10,October,43,True
20191024,2019-10-24,2019,4,10,October,43,True
20191025,2019-10-25,2019,4,10,October,43,True
20191026,2019-10-26,2019,4,10,October,43,True
20191027,2019-10-27,2019,4,10,October,43,True
20191028,2019-10-28,2019,4,10,October,44,True
20191029,2019-10-29,2019,4,10,October,44,True
20191030,2019-10-30,2019,4,10,October,44,True
20191031,2019-10-31,2019,4,10,October,44,True
20191101,2019-11-01,2019,4,11,November,44,True
20191102,2019-11-02,2019,4,11,November,44,True
20191103,2019-11-03,2019,4,11,November,44,True
20191104,2019-11-04,2019,4,11,November,45,True
20191105,2019-11-05,2019,4,11,November,45,True
20191106,2019-11-06,2019,4,11,November,45,True
20191107,2019-11-07,2019,4,11,November,45,True
20191108,2019-11-08,2019,4,11,November,45,True
20191109,2019-11-09,2019,4,11,November,45,True
20191110,2019-11-10,2019,4,11,November,45,True
20191111,2019-11-11,2019,4,11,November,46,True
20191112,2019-11-12,2019,4,11,November,46,True
20191113,2019-11-13,2019,4,11,November,46,True
20191114,2019-11-14,2019,4,11,November,46,True
20191115,2019-11-15,2019,4,11,November,46,True
20191116,2019-11-16,2019,4,11,November,46,True
20191117,2019-11-17,2019,4,11,November,46,True
20191118,2019-11-18,2019,4,11,November,47,True
20191119,2019-11-19,2019,4,11,November,47,True
20191120,2019-11-20,2019,4,11,November,47,True
20191121,2019-11-21,2019,4,11,November,47,True
20191122,2019-11-22,2019,4,11,November,47,True
20191123,2019-11-23,2019,4,11,November,47,True
20191124,2019-11-24,2019,4,11,November,47,True
20191125,2019-11-25,2019,4,11,November,48,True
20191126,2019-11-26,2019,4,11,November,48,True
20191127,2019-11-27,2019,4,11,November,48,True
20191128,2019-11-28,2019,4,11,November,48,True
20191129,2019-11-29,2019,4,11,November,48,True
20191130,2019-11-30,2019,4,11,November,48,True
20191201,2019-12-01,2019,4,12,December,48,True
20191202,2019-12-02,2019,4,12,December,49,True
20191203,2019-12-03,2019,4,12,December,49,True
20191204,2019-12-04,2019,4,12,December,49,True
20191205,2019-12-05,2019,4,12,December,49,True
20191206,2019-12-06,2019,4,12,December,49,True
20191207,2019-12-07,2019,4,12,December,49,True
20191208,2019-12-08,2019,4,12,December,49,True
20191209,2019-12-09,2019,4,12,December,50,True
20191210,2019-12-10,2019,4,12,December,50,True
20191211,2019-12-11,2019,4,12,December,50,True
20191212,2019-12-12,2019,4,12,December,50,True
20191213,2019-12-13,2019,4,12,December,50,True
20191214,2019-12-14,2019,4,12,December,50,True
20191215,2019-12-15,2019,4,12,December,50,True
20191216,2019-12-16,2019,4,12,December,51,True
20191217,2019-12-17,2019,4,12,December,51,True
20191218,2019-12-18,2019,4,12,December,51,True
20191219,2019-12-19,2019,4,12,December,51,True
20191220,2019-12-20,2019,4,12,December,51,True
20191221,2019-12-21,2019,4,12,December,51,True
20191222,2019-12-22,2019,4,12,December,51,True
20191223,2019-12-23,2019,4,12,December,52,True
20191224,2019-12-24,2019,4,12,December,52,True
20191225,2019-12-25,2019,4,12,December,52,True
20191226,2019-12-26,2019,4,12,December,52,True
20191227,2019-12-27,2019,4,12,December,52,True
20191228,2019-12-28,2019,4,12,December,52,True
20191229,2019-12-29,2019,4,12,December,52,True
20191230,2019-12-30,2019,4,12,December,1,True
20191231,2019-12-31,2019,4,12,December,1,True
20200101,2020-01-01,2020,1,1,January,1,False
20200102,2020-01-02,2020,1,1,January,1,False
20200103,2020-01-03,2020,1,1,January,1,False
20200104,2020-01-04,2020,1,1,January,1,False
20200105,2020-01-05,2020,1,1,January,1,False
20200106,2020-01-06,2020,1,1,January,2,False
20200107,2020-01-07,2020,1,1,January,2,False
20200108,2020-01-08,2020,1,1,January,2,False
20200109,2020-01-09,2020,1,1,January,2,False
20200110,2020-01-10,2020,1,1,January,2,False
20200111,2020-01-11,2020,1,1,January,2,False
20200112,2020-01-12,2020,1,1,January,2,False
20200113,2020-01-13,2020,1,1,January,3,False
20200114,2020-01-14,2020,1,1,January,3,False
20200115,2020-01-15,2020,1,1,January,3,False
20200116,2020-01-16,2020,1,1,January,3,False
20200117,2020-01-17,2020,1,1,January,3,False
20200118,2020-01-18,2020,1,1,January,3,False
20200119,2020-01-19,2020,1,1,January,3,False
20200120,2020-01-20,2020,1,1,January,4,False
20200121,2020-01-21,2020,1,1,January,4,False
20200122,2020-01-22,2020,1,1,January,4,False
20200123,2020-01-23,2020,1,1,January,4,False
20200124,2020-01-24,2020,1,1,January,4,False
20200125,2020-01-25,2020,1,1,January,4,False
20200126,2020-01-26,2020,1,1,January,4,False
20200127,2020-01-27,2020,1,1,January,5,False
20200128,2020-01-28,2020,1,1,January,5,False
20200129,2020-01-29,2020,1,1,January,5,False
20200130,2020-01-30,2020,1,1,January,5,False
20200131,2020-01-31,2020,1,1,January,5,False
20200201,2020-02-01,2020,1,2,February,5,False
20200202,2020-02-02,2020,1,2,February,5,False
20200203,2020-02-03,2020,1,2,February,6,False
20200204,2020-02-04,2020,1,2,February,6,False
20200205,2020-02-05,2020,1,2,February,6,False
20200206,2020-02-06,2020,1,2,February,6,False
20200207,2020-02-07,2020,1,2,February,6,False
20200208,2020-02-08,2020,1,2,February,6,False
20200209,2020-02-09,2020,1,2,February,6,False
20200210,2020-02-10,2020,1,2,February,7,False
20200211,2020-02-11,2020,1,2,February,7,False
20200212,2020-02-12,2020,1,2,February,7,False
20200213,2020-02-13,2020,1,2,February,7,False
20200214,2020-02-14,2020,1,2,February,7,False
20200215,2020-02-15,2020,1,2,February,7,False
20200216,2020-02-16,2020,1,2,February,7,False
20200217,2020-02-17,2020,1,2,February,8,False
20200218,2020-02-18,2020,1,2,February,8,False
20200219,2020-02-19,2020,1,2,February,8,False
20200220,2020-02-20,2020,1,2,February,8,False
20200221,2020-02-21,2020,1,2,February,8,False
20200222,2020-02-22,2020,1,2,February,8,False
20200223,2020-02-23,2020,1,2,February,8,False
20200224,2020-02-24,2020,1,2,February,9,False
20200225,2020-02-25,2020,1,2,February,9,False
20200226,2020-02-26,2020,1,2,February,9,False
20200227,2020-02-27,2020,1,2,February,9,False
20200228,2020-02-28,2020,1,2,February,9,False
20200229,2020-02-29,2020,1,2,February,9,False
20200301,2020-03-01,2020,1,3,March,9,True
20200302,2020-03-02,2020,1,3,March,10,True
20200303,2020-03-03,2020,1,3,March,10,True
20200304,2020-03-04,2020,1,3,March,10,True
20200305,2020-03-05,2020,1,3,March,10,True
20200306,2020-03-06,2020,1,3,March,10,True
20200307,2020-03-07,2020,1,3,March,10,True
20200308,2020-03-08,2020,1,3,March,10,True
20200309,2020-03-09,2020,1,3,March,11,True
20200310,2020-03-10,2020,1,3,March,11,True
20200311,2020-03-11,2020,1,3,March,11,True
20200312,2020-03-12,2020,1,3,March,11,True
20200313,2020-03-13,2020,1,3,March,11,True
20200314,2020-03-14,2020,1,3,March,11,True
20200315,2020-03-15,2020,1,3,March,11,True
20200316,2020-03-16,2020,1,3,March,12,True
20200317,2020-03-17,2020,1,3,March,12,True
20200318,2020-03-18,2020,1,3,March,12,True
20200319,2020-03-19,2020,1,3,March,12,True
20200320,2020-03-20,2020,1,3,March,12,True
20200321,2020-03-21,2020,1,3,March,12,True
20200322,2020-03-22,2020,1,3,March,12,True
20200323,2020-03-23,2020,1,3,March,13,True
20200324,2020-03-24,2020,1,3,March,13,True
20200325,2020-03-25,2020,1,3,March,13,True
20200326,2020-03-26,2020,1,3,March,13,True
20200327,2020-03-27,2020,1,3,March,13,True
20200328,2020-03-28,2020,1,3,March,13,True
20200329,2020-03-29,2020,1,3,March,13,True
20200330,2020-03-30,2020,1,3,March,14,True
20200331,2020-03-31,2020,1,3,March,14,True
20200401,2020-04-01,2020,2,4,April,14,True
20200402,2020-04-02,2020,2,4,April,14,True
20200403,2020-04-03,2020,2,4,April,14,True
20200404,2020-04-04,2020,2,4,April,14,True
20200405,2020-04-05,2020,2,4,April,14,True
20200406,2020-04-06,2020,2,4,April,15,True
20200407,2020-04-07,2020,2,4,April,15,True
20200408,2020-04-08,2020,2,4,April,15,True
20200409,2020-04-09,2020,2,4,April,15,True
20200410,2020-04-10,2020,2,4,April,15,True
20200411,2020-04-11,2020,2,4,April,15,True
20200412,2020-04-12,2020,2,4,April,15,True
20200413,2020-04-13,2020,2,4,April,16,True
20200414,2020-04-14,2020,2,4,April,16,True
20200415,2020-04-15,2020,2,4,April,16,True
20200416,2020-04-16,2020,2,4,April,16,True
20200417,2020-04-17,2020,2,4,April,16,True
20200418,2020-04-18,2020,2,4,April,16,True
20200419,2020-04-19,2020,2,4,April,16,True
20200420,2020-04-20,2020,2,4,April,17,True
20200421,2020-04-21,2020,2,4,April,17,True
20200422,2020-04-22,2020,2,4,April,17,True
20200423,2020-04-23,2020,2,4,April,17,True
20200424,2020-04-24,2020,2,4,April,17,True
20200425,2020-04-25,2020,2,4,April,17,True
20200426,2020-04-26,2020,2,4,April,17,True
20200427,2020-04-27,2020,2,4,April,18,True
20200428,2020-04-28,2020,2,4,April,18,True
20200429,2020-04-29,2020,2,4,April,18,True
20200430,2020-04-30,2020,2,4,April,18,True
20200501,2020-05-01,2020,2,5,May,18,True
20200502,2020-05-02,2020,2,5,May,18,True
20200503,2020-05-03,2020,2,5,May,18,True
20200504,2020-05-04,2020,2,5,May,19,True
20200505,2020-05-05,2020,2,5,May,19,True
20200506,2020-05-06,2020,2,5,May,19,True
20200507,2020-05-07,2020,2,5,May,19,True
20200508,2020-05-08,2020,2,5,May,19,True
20200509,2020-05-09,2020,2,5,May,19,True
20200510,2020-05-10,2020,2,5,May,19,True
20200511,2020-05-11,2020,2,5,May,20,True
20200512,2020-05-12,2020,2,5,May,20,True
20200513,2020-05-13,2020,2,5,May,20,True
20200514,2020-05-14,2020,2,5,May,20,True
20200515,2020-05-15,2020,2,5,May,20,True
20200516,2020-05-16,2020,2,5,May,20,True
20200517,2020-05-17,2020,2,5,May,20,True
20200518,2020-05-18,2020,2,5,May,21,True
20200519,2020-05-19,2020,2,5,May,21,True
20200520,2020-05-20,2020,2,5,May,21,True
20200521,2020-05-21,2020,2,5,May,21,True
20200522,2020-05-22,2020,2,5,May,21,True
20200523,2020-05-23,2020,2,5,May,21,True
20200524,2020-05-24,2020,2,5,May,21,True
20200525,2020-05-25,2020,2,5,May,22,True
20200526,2020-05-26,2020,2,5,May,22,True
20200527,2020-05-27,2020,2,5,May,22,True
20200528,2020-05-28,2020,2,5,May,22,True
20200529,2020-05-29,2020,2,5,May,22,True
20200530,2020-05-30,2020,2,5,May,22,True
20200531,2020-05-31,2020,2,5,May,22,True
20200601,2020-06-01,2020,2,6,June,23,True
20200602,2020-06-02,2020,2,6,June,23,True
20200603,2020-06-03,2020,2,6,June,23,True
20200604,2020-06-04,2020,2,6,June,23,True
20200605,2020-06-05,2020,2,6,June,23,True
20200606,2020-06-06,2020,2,6,June,23,True
20200607,2020-06-07,2020,2,6,June,23,True
20200608,2020-06-08,2020,2,6,June,24,True
20200609,2020-06-09,2020,2,6,June,24,True
20200610,2020-06-10,2020,2,6,June,24,True
20200611,2020-06-11,2020,2,6,June,24,True
20200612,2020-06-12,2020,2,6,June,24,True
20200613,2020-06-13,2020,2,6,June,24,True
20200614,2020-06-14,2020,2,6,June,24,True
20200615,2020-06-15,2020,2,6,June,25,True
20200616,2020-06-16,2020,2,6,June,25,True
20200617,2020-06-17,2020,2,6,June,25,True
20200618,2020-06-18,2020,2,6,June,25,True
20200619,2020-06-19,2020,2,6,June,25,True
20200620,2020-06-20,2020,2,6,June,25,True
20200621,2020-06-21,2020,2,6,June,25,True
20200622,2020-06-22,2020,2,6,June,26,True
20200623,2020-06-23,2020,2,6,June,26,True
20200624,2020-06-24,2020,2,6,June,26,True
20200625,2020-06-25,2020,2,6,June,26,True
20200626,2020-06-26,2020,2,6,June,26,True
20200627,2020-06-27,2020,2,6,June,26,True
20200628,2020-06-28,2020,2,6,June,26,True
20200629,2020-06-29,2020,2,6,June,27,True
20200630,2020-06-30,2020,2,6,June,27,True
20200701,2020-07-01,2020,3,7,July,27,False
20200702,2020-07-02,2020,3,7,July,27,False
20200703,2020-07-03,2020,3,7,July,27,False
20200704,2020-07-04,2020,3,7,July,27,False
20200705,2020-07-05,2020,3,7,July,27,False
20200706,2020-07-06,2020,3,7,July,28,False
20200707,2020-07-07,2020,3,7,July,28,False
20200708,2020-07-08,2020,3,7,July,28,False
20200709,2020-07-09,2020,3,7,July,28,False
20200710,2020-07-10,2020,3,7,July,28,False
20200711,2020-07-11,2020,3,7,July,28,False
20200712,2020-07-12,2020,3,7,July,28,False
20200713,2020-07-13,2020,3,7,July,29,False
20200714,2020-07-14,2020,3,7,July,29,False
20200715,2020-07-15,2020,3,7,July,29,False
20200716,2020-07-16,2020,3,7,July,29,False
20200717,2020-07-17,2020,3,7,July,29,False
20200718,2020-07-18,2020,3,7,July,29,False
20200719,2020-07-19,2020,3,7,July,29,False
20200720,2020-07-20,2020,3,7,July,30,False
20200721,2020-07-21,2020,3,7,July,30,False
20200722,2020-07-22,2020,3,7,July,30,False
20200723,2020-07-23,2020,3,7,July,30,False
20200724,2020-07-24,2020,3,7,July,30,False
20200725,2020-07-25,2020,3,7,July,30,False
20200726,2020-07-26,2020,3,7,July,30,False
20200727,2020-07-27,2020,3,7,July,31,False
20200728,2020-07-28,2020,3,7,July,31,False
20200729,2020-07-29,2020,3,7,July,31,False
20200730,2020-07-30,2020,3,7,July,31,False
20200731,2020-07-31,2020,3,7,July,31,False
20200801,2020-08-01,2020,3,8,August,31,False
20200802,2020-08-02,2020,3,8,August,31,False
20200803,2020-08-03,2020,3,8,August,32,False
20200804,2020-08-04,2020,3,8,August,32,False
20200805,2020-08-05,2020,3,8,August,32,False
20200806,2020-08-06,2020,3,8,August,32,False
20200807,2020-08-07,2020,3,8,August,32,False
20200808,2020-08-08,2020,3,8,August,32,False
20200809,2020-08-09,2020,3,8,August,32,False
20200810,2020-08-10,2020,3,8,August,33,False
20200811,2020-08-11,2020,3,8,August,33,False
20200812,2020-08-12,2020,3,8,August,33,False
20200813,2020-08-13,2020,3,8,August,33,False
20200814,2020-08-14,2020,3,8,August,33,False
20200815,2020-08-15,2020,3,8,August,33,False
20200816,2020-08-16,2020,3,8,August,33,False
20200817,2020-08-17,2020,3,8,August,34,False
20200818,2020-08-18,2020,3,8,August,34,False
20200819,2020-08-19,2020,3,8,August,34,False
20200820,2020-08-20,2020,3,8,August,34,False
20200821,2020-08-21,2020,3,8,August,34,False
20200822,2020-08-22,2020,3,8,August,34,False
20200823,2020-08-23,2020,3,8,August,34,False
20200824,2020-08-24,2020,3,8,August,35,False
20200825,2020-08-25,2020,3,8,August,35,False
20200826,2020-08-26,2020,3,8,August,35,False
20200827,2020-08-27,2020,3,8,August,35,False
20200828,2020-08-28,2020,3,8,August,35,False
20200829,2020-08-29,2020,3,8,August,35,False
20200830,2020-08-30,2020,3,8,August,35,False
20200831,2020-08-31,2020,3,8,August,36,False
20200901,2020-09-01,2020,3,9,September,36,True
20200902,2020-09-02,2020,3,9,September,36,True
20200903,2020-09-03,2020,3,9,September,36,True
20200904,2020-09-04,2020,3,9,September,36,True
20200905,2020-09-05,2020,3,9,September,36,True
20200906,2020-09-06,2020,3,9,September,36,True
20200907,2020-09-07,2020,3,9,September,37,True
20200908,2020-09-08,2020,3,9,September,37,True
20200909,2020-09-09,2020,3,9,September,37,True
20200910,2020-09-10,2020,3,9,September,37,True
20200911,2020-09-11,2020,3,9,September,37,True
20200912,2020-09-12,2020,3,9,September,37,True
20200913,2020-09-13,2020,3,9,September,37,True
20200914,2020-09-14,2020,3,9,September,38,True
20200915,2020-09-15,2020,3,9,September,38,True
20200916,2020-09-16,2020,3,9,September,38,True
20200917,2020-09-17,2020,3,9,September,38,True
20200918,2020-09-18,2020,3,9,September,38,True
20200919,2020-09-19,2020,3,9,September,38,True
20200920,2020-09-20,2020,3,9,September,38,True
20200921,2020-09-21,2020,3,9,September,39,True
20200922,2020-09-22,2020,3,9,September,39,True
20200923,2020-09-23,2020,3,9,September,39,True
20200924,2020-09-24,2020,3,9,September,39,True
20200925,2020-09-25,2020,3,9,September,39,True
20200926,2020-09-26,2020,3,9,September,39,True
20200927,2020-09-27,2020,3,9,September,39,True
20200928,2020-09-28,2020,3,9,September,40,True
20200929,2020-09-29,2020,3,9,September,40,True
20200930,2020-09-30,2020,3,9,September,40,True
20201001,2020-10-01,2020,4,10,October,40,True
20201002,2020-10-02,2020,4,10,October,40,True
20201003,2020-10-03,2020,4,10,October,40,True
20201004,2020-10-04,2020,4,10,October,40,True
20201005,2020-10-05,2020,4,10,October,41,True
20201006,2020-10-06,2020,4,10,October,41,True
20201007,2020-10-07,2020,4,10,October,41,True
20201008,2020-10-08,2020,4,10,October,41,True
20201009,2020-10-09,2020,4,10,October,41,True
20201010,2020-10-10,2020,4,10,October,41,True
20201011,2020-10-11,2020,4,10,October,41,True
20201012,2020-10-12,2020,4,10,October,42,True
20201013,2020-10-13,2020,4,10,October,42,True
20201014,2020-10-14,2020,4,10,October,42,True
20201015,2020-10-15,2020,4,10,October,42,True
20201016,2020-10-16,2020,4,10,October,42,True
20201017,2020-10-17,2020,4,10,October,42,True
20201018,2020-10-18,2020,4,10,October,42,True
20201019,2020-10-19,2020,4,10,October,43,True
20201020,2020-10-20,2020,4,10,October,43,True
20201021,2020-10-21,2020,4,10,October,43,True
20201022,2020-10-22,2020,4,10,October,43,True
20201023,2020-10-23,2020,4,10,October,43,True
20201024,2020-10-24,2020,4,10,October,43,True
20201025,2020-10-25,2020,4,10,October,43,True
20201026,2020-10-26,2020,4,10,October,44,True
20201027,2020-10-27,2020,4,10,October,44,True
20201028,2020-10-28,2020,4,10,October,44,True
20201029,2020-10-29,2020,4,10,October,44,True
20201030,2020-10-30,2020,4,10,October,44,True
20201031,2020-10-31,2020,4,10,October,44,True
20201101,2020-11-01,2020,4,11,November,44,True
20201102,2020-11-02,2020,4,11,November,45,True
20201103,2020-11-03,2020,4,11,November,45,True
20201104,2020-11-04,2020,4,11,November,45,True
20201105,2020-11-05,2020,4,11,November,45,True
20201106,2020-11-06,2020,4,11,November,45,True
20201107,2020-11-07,2020,4,11,November,45,True
20201108,2020-11-08,2020,4,11,November,45,True
20201109,2020-11-09,2020,4,11,November,46,True
20201110,2020-11-10,2020,4,11,November,46,True
20201111,2020-11-11,2020,4,11,November,46,True
20201112,2020-11-12,2020,4,11,November,46,True
20201113,2020-11-13,2020,4,11,November,46,True
20201114,2020-11-14,2020,4,11,November,46,True
20201115,2020-11-15,2020,4,11,November,46,True
20201116,2020-11-16,2020,4,11,November,47,True
20201117,2020-11-17,2020,4,11,November,47,True
20201118,2020-11-18,2020,4,11,November,47,True
20201119,2020-11-19,2020,4,11,November,47,True
20201120,2020-11-20,2020,4,11,November,47,True
20201121,2020-11-21,2020,4,11,November,47,True
20201122,2020-11-22,2020,4,11,November,47,True
20201123,2020-11-23,2020,4,11,November,48,True
20201124,2020-11-24,2020,4,11,November,48,True
20201125,2020-11-25,2020,4,11,November,48,True
20201126,2020-11-26,2020,4,11,November,48,True
20201127,2020-11-27,2020,4,11,November,48,True
20201128,2020-11-28,2020,4,11,November,48,True
20201129,2020-11-29,2020,4,11,November,48,True
20201130,2020-11-30,2020,4,11,November,49,True
20201201,2020-12-01,2020,4,12,December,49,True
20201202,2020-12-02,2020,4,12,December,49,True
20201203,2020-12-03,2020,4,12,December,49,True
20201204,2020-12-04,2020,4,12,December,49,True
20201205,2020-12-05,2020,4,12,December,49,True
20201206,2020-12-06,2020,4,12,December,49,True
20201207,2020-12-07,2020,4,12,December,50,True
20201208,2020-12-08,2020,4,12,December,50,True
20201209,2020-12-09,2020,4,12,December,50,True
20201210,2020-12-10,2020,4,12,December,50,True
20201211,2020-12-11,2020,4,12,December,50,True
20201212,2020-12-12,2020,4,12,December,50,True
20201213,2020-12-13,2020,4,12,December,50,True
20201214,2020-12-14,2020,4,12,December,51,True
20201215,2020-12-15,2020,4,12,December,51,True
20201216,2020-12-16,2020,4,12,December,51,True
20201217,2020-12-17,2020,4,12,December,51,True
20201218,2020-12-18,2020,4,12,December,51,True
20201219,2020-12-19,2020,4,12,December,51,True
20201220,2020-12-20,2020,4,12,December,51,True
20201221,2020-12-21,2020,4,12,December,52,True
20201222,2020-12-22,2020,4,12,December,52,True
20201223,2020-12-23,2020,4,12,December,52,True
20201224,2020-12-24,2020,4,12,December,52,True
20201225,2020-12-25,2020,4,12,December,52,True
20201226,2020-12-26,2020,4,12,December,52,True
20201227,2020-12-27,2020,4,12,December,52,True
20201228,2020-12-28,2020,4,12,December,53,True
20201229,2020-12-29,2020,4,12,December,53,True
20201230,2020-12-30,2020,4,12,December,53,True
20201231,2020-12-31,2020,4,12,December,53,True
20210101,2021-01-01,2021,1,1,January,53,False
20210102,2021-01-02,2021,1,1,January,53,False
20210103,2021-01-03,2021,1,1,January,53,False
20210104,2021-01-04,2021,1,1,January,1,False
20210105,2021-01-05,2021,1,1,January,1,False
20210106,2021-01-06,2021,1,1,January,1,False
20210107,2021-01-07,2021,1,1,January,1,False
20210108,2021-01-08,2021,1,1,January,1,False
20210109,2021-01-09,2021,1,1,January,1,False
20210110,2021-01-10,2021,1,1,January,1,False
20210111,2021-01-11,2021,1,1,January,2,False
20210112,2021-01-12,2021,1,1,January,2,False
20210113,2021-01-13,2021,1,1,January,2,False
20210114,2021-01-14,2021,1,1,January,2,False
20210115,2021-01-15,2021,1,1,January,2,False
20210116,2021-01-16,2021,1,1,January,2,False
20210117,2021-01-17,2021,1,1,January,2,False
20210118,2021-01-18,2021,1,1,January,3,False
20210119,2021-01-19,2021,1,1,January,3,False
20210120,2021-01-20,2021,1,1,January,3,False
20210121,2021-01-21,2021,1,1,January,3,False
20210122,2021-01-22,2021,1,1,January,3,False
20210123,2021-01-23,2021,1,1,January,3,False
20210124,2021-01-24,2021,1,1,January,3,False
20210125,2021-01-25,2021,1,1,January,4,False
20210126,2021-01-26,2021,1,1,January,4,False
20210127,2021-01-27,2021,1,1,January,4,False
20210128,2021-01-28,2021,1,1,January,4,False
20210129,2021-01-29,2021,1,1,January,4,False
20210130,2021-01-30,2021,1,1,January,4,False
20210131,2021-01-31,2021,1,1,January,4,False
20210201,2021-02-01,2021,1,2,February,5,False
20210202,2021-02-02,2021,1,2,February,5,False
20210203,2021-02-03,2021,1,2,February,5,False
20210204,2021-02-04,2021,1,2,February,5,False
20210205,2021-02-05,2021,1,2,February,5,False
20210206,2021-02-06,2021,1,2,February,5,False
20210207,2021-02-07,2021,1,2,February,5,False
20210208,2021-02-08,2021,1,2,February,6,False
20210209,2021-02-09,2021,1,2,February,6,False
20210210,2021-02-10,2021,1,2,February,6,False
20210211,2021-02-11,2021,1,2,February,6,False
20210212,2021-02-12,2021,1,2,February,6,False
20210213,2021-02-13,2021,1,2,February,6,False
20210214,2021-02-14,2021,1,2,February,6,False
20210215,2021-02-15,2021,1,2,February,7,False
20210216,2021-02-16,2021,1,2,February,7,False
20210217,2021-02-17,2021,1,2,February,7,False
20210218,2021-02-18,2021,1,2,February,7,False
20210219,2021-02-19,2021,1,2,February,7,False
20210220,2021-02-20,2021,1,2,February,7,False
20210221,2021-02-21,2021,1,2,February,7,False
20210222,2021-02-22,2021,1,2,February,8,False
20210223,2021-02-23,2021,1,2,February,8,False
20210224,2021-02-24,2021,1,2,February,8,False
20210225,2021-02-25,2021,1,2,February,8,False
20210226,2021-02-26,2021,1,2,February,8,False
20210227,2021-02-27,2021,1,2,February,8,False
20210228,2021-02-28,2021,1,2,February,8,False
20210301,2021-03-01,2021,1,3,March,9,True
20210302,2021-03-02,2021,1,3,March,9,True
20210303,2021-03-03,2021,1,3,March,9,True
20210304,2021-03-04,2021,1,3,March,9,True
20210305,2021-03-05,2021,1,3,March,9,True
20210306,2021-03-06,2021,1,3,March,9,True
20210307,2021-03-07,2021,1,3,March,9,True
20210308,2021-03-08,2021,1,3,March,10,True
20210309,2021-03-09,2021,1,3,March,10,True
20210310,2021-03-10,2021,1,3,March,10,True
20210311,2021-03-11,2021,1,3,March,10,True
20210312,2021-03-12,2021,1,3,March,10,True
20210313,2021-03-13,2021,1,3,March,10,True
20210314,2021-03-14,2021,1,3,March,10,True
20210315,2021-03-15,2021,1,3,March,11,True
20210316,2021-03-16,2021,1,3,March,11,True
20210317,2021-03-17,2021,1,3,March,11,True
20210318,2021-03-18,2021,1,3,March,11,True
20210319,2021-03-19,2021,1,3,March,11,True
20210320,2021-03-20,2021,1,3,March,11,True
20210321,2021-03-21,2021,1,3,March,11,True
20210322,2021-03-22,2021,1,3,March,12,True
20210323,2021-03-23,2021,1,3,March,12,True
20210324,2021-03-24,2021,1,3,March,12,True
20210325,2021-03-25,2021,1,3,March,12,True
20210326,2021-03-26,2021,1,3,March,12,True
20210327,2021-03-27,2021,1,3,March,12,True
20210328,2021-03-28,2021,1,3,March,12,True
20210329,2021-03-29,2021,1,3,March,13,True
20210330,2021-03-30,2021,1,3,March,13,True
20210331,2021-03-31,2021,1,3,March,13,True
20210401,2021-04-01,2021,2,4,April,13,True
20210402,2021-04-02,2021,2,4,April,13,True
20210403,2021-04-03,2021,2,4,April,13,True
20210404,2021-04-04,2021,2,4,April,13,True
20210405,2021-04-05,2021,2,4,April,14,True
20210406,2021-04-06,2021,2,4,April,14,True
20210407,2021-04-07,2021,2,4,April,14,True
20210408,2021-04-08,2021,2,4,April,14,True
20210409,2021-04-09,2021,2,4,April,14,True
20210410,2021-04-10,2021,2,4,April,14,True
20210411,2021-04-11,2021,2,4,April,14,True
20210412,2021-04-12,2021,2,4,April,15,True
20210413,2021-04-13,2021,2,4,April,15,True
20210414,2021-04-14,2021,2,4,April,15,True
20210415,2021-04-15,2021,2,4,April,15,True
20210416,2021-04-16,2021,2,4,April,15,True
20210417,2021-04-17,2021,2,4,April,15,True
20210418,2021-04-18,2021,2,4,April,15,True
20210419,2021-04-19,2021,2,4,April,16,True
20210420,2021-04-20,2021,2,4,April,16,True
20210421,2021-04-21,2021,2,4,April,16,True
20210422,2021-04-22,2021,2,4,April,16,True
20210423,2021-04-23,2021,2,4,April,16,True
20210424,2021-04-24,2021,2,4,April,16,True
20210425,2021-04-25,2021,2,4,April,16,True
20210426,2021-04-26,2021,2,4,April,17,True
20210427,2021-04-27,2021,2,4,April,17,True
20210428,2021-04-28,2021,2,4,April,17,True
20210429,2021-04-29,2021,2,4,April,17,True
20210430,2021-04-30,2021,2,4,April,17,True
20210501,2021-05-01,2021,2,5,May,17,True
20210502,2021-05-02,2021,2,5,May,17,True
20210503,2021-05-03,2021,2,5,May,18,True
20210504,2021-05-04,2021,2,5,May,18,True
20210505,2021-05-05,2021,2,5,May,18,True
20210506,2021-05-06,2021,2,5,May,18,True
20210507,2021-05-07,2021,2,5,May,18,True
20210508,2021-05-08,2021,2,5,May,18,True
20210509,2021-05-09,2021,2,5,May,18,True
20210510,2021-05-10,2021,2,5,May,19,True
20210511,2021-05-11,2021,2,5,May,19,True
20210512,2021-05-12,2021,2,5,May,19,True
20210513,2021-05-13,2021,2,5,May,19,True
20210514,2021-05-14,2021,2,5,May,19,True
20210515,2021-05-15,2021,2,5,May,19,True
20210516,2021-05-16,2021,2,5,May,19,True
20210517,2021-05-17,2021,2,5,May,20,True
20210518,2021-05-18,2021,2,5,May,20,True
20210519,2021-05-19,2021,2,5,May,20,True
20210520,2021-05-20,2021,2,5,May,20,True
20210521,2021-05-21,2021,2,5,May,20,True
20210522,2021-05-22,2021,2,5,May,20,True
20210523,2021-05-23,2021,2,5,May,20,True
20210524,2021-05-24,2021,2,5,May,21,True
20210525,2021-05-25,2021,2,5,May,21,True
20210526,2021-05-26,2021,2,5,May,21,True
20210527,2021-05-27,2021,2,5,May,21,True
20210528,2021-05-28,2021,2,5,May,21,True
20210529,2021-05-29,2021,2,5,May,21,True
20210530,2021-05-30,2021,2,5,May,21,True
20210531,2021-05-31,2021,2,5,May,22,True
20210601,2021-06-01,2021,2,6,June,22,True
20210602,2021-06-02,2021,2,6,June,22,True
20210603,2021-06-03,2021,2,6,June,22,True
20210604,2021-06-04,2021,2,6,June,22,True
20210605,2021-06-05,2021,2,6,June,22,True
20210606,2021-06-06,2021,2,6,June,22,True
20210607,2021-06-07,2021,2,6,June,23,True
20210608,2021-06-08,2021,2,6,June,23,True
20210609,2021-06-09,2021,2,6,June,23,True
20210610,2021-06-10,2021,2,6,June,23,True
20210611,2021-06-11,2021,2,6,June,23,True
20210612,2021-06-12,2021,2,6,June,23,True
20210613,2021-06-13,2021,2,6,June,23,True
20210614,2021-06-14,2021,2,6,June,24,True
20210615,2021-06-15,2021,2,6,June,24,True
20210616,2021-06-16,2021,2,6,June,24,True
20210617,2021-06-17,2021,2,6,June,24,True
20210618,2021-06-18,2021,2,6,June,24,True
20210619,2021-06-19,2021,2,6,June,24,True
20210620,2021-06-20,2021,2,6,June,24,True
20210621,2021-06-21,2021,2,6,June,25,True
20210622,2021-06-22,2021,2,6,June,25,True
20210623,2021-06-23,2021,2,6,June,25,True
20210624,2021-06-24,2021,2,6,June,25,True
20210625,2021-06-25,2021,2,6,June,25,True
20210626,2021-06-26,2021,2,6,June,25,True
20210627,2021-06-27,2021,2,6,June,25,True
20210628,2021-06-28,2021,2,6,June,26,True
20210629,2021-06-29,2021,2,6,June,26,True
20210630,2021-06-30,2021,2,6,June,26,True
20210701,2021-07-01,2021,3,7,July,26,False
20210702,2021-07-02,2021,3,7,July,26,False
20210703,2021-07-03,2021,3,7,July,26,False
20210704,2021-07-04,2021,3,7,July,26,False
20210705,2021-07-05,2021,3,7,July,27,False
20210706,2021-07-06,2021,3,7,July,27,False
20210707,2021-07-07,2021,3,7,July,27,False
20210708,2021-07-08,2021,3,7,July,27,False
20210709,2021-07-09,2021,3,7,July,27,False
20210710,2021-07-10,2021,3,7,July,27,False
20210711,2021-07-11,2021,3,7,July,27,False
20210712,2021-07-12,2021,3,7,July,28,False
20210713,2021-07-13,2021,3,7,July,28,False
20210714,2021-07-14,2021,3,7,July,28,False
20210715,2021-07-15,2021,3,7,July,28,False
20210716,2021-07-16,2021,3,7,July,28,False
20210717,2021-07-17,2021,3,7,July,28,False
20210718,2021-07-18,2021,3,7,July,28,False
20210719,2021-07-19,2021,3,7,July,29,False
20210720,2021-07-20,2021,3,7,July,29,False
20210721,2021-07-21,2021,3,7,July,29,False
20210722,2021-07-22,2021,3,7,July,29,False
20210723,2021-07-23,2021,3,7,July,29,False
20210724,2021-07-24,2021,3,7,July,29,False
20210725,2021-07-25,2021,3,7,July,29,False
20210726,2021-07-26,2021,3,7,July,30,False
20210727,2021-07-27,2021,3,7,July,30,False
20210728,2021-07-28,2021,3,7,July,30,False
20210729,2021-07-29,2021,3,7,July,30,False
20210730,2021-07-30,2021,3,7,July,30,False
20210731,2021-07-31,2021,3,7,July,30,False
20210801,2021-08-01,2021,3,8,August,30,False
20210802,2021-08-02,2021,3,8,August,31,False
20210803,2021-08-03,2021,3,8,August,31,False
20210804,2021-08-04,2021,3,8,August,31,False
20210805,2021-08-05,2021,3,8,August,31,False
20210806,2021-08-06,2021,3,8,August,31,False
20210807,2021-08-07,2021,3,8,August,31,False
20210808,2021-08-08,2021,3,8,August,31,False
20210809,2021-08-09,2021,3,8,August,32,False
20210810,2021-08-10,2021,3,8,August,32,False
20210811,2021-08-11,2021,3,8,August,32,False
20210812,2021-08-12,2021,3,8,August,32,False
20210813,2021-08-13,2021,3,8,August,32,False
20210814,2021-08-14,2021,3,8,August,32,False
20210815,2021-08-15,2021,3,8,August,32,False
20210816,2021-08-16,2021,3,8,August,33,False
20210817,2021-08-17,2021,3,8,August,33,False
20210818,2021-08-18,2021,3,8,August,33,False
20210819,2021-08-19,2021,3,8,August,33,False
20210820,2021-08-20,2021,3,8,August,33,False
20210821,2021-08-21,2021,3,8,August,33,False
20210822,2021-08-22,2021,3,8,August,33,False
20210823,2021-08-23,2021,3,8,August,34,False
20210824,2021-08-24,2021,3,8,August,34,False
20210825,2021-08-25,2021,3,8,August,34,False
20210826,2021-08-26,2021,3,8,August,34,False
20210827,2021-08-27,2021,3,8,August,34,False
20210828,2021-08-28,2021,3,8,August,34,False
20210829,2021-08-29,2021,3,8,August,34,False
20210830,2021-08-30,2021,3,8,August,35,False
20210831,2021-08-31,2021,3,8,August,35,False
20210901,2021-09-01,2021,3,9,September,35,True
20210902,2021-09-02,2021,3,9,September,35,True
20210903,2021-09-03,2021,3,9,September,35,True
20210904,2021-09-04,2021,3,9,September,35,True
20210905,2021-09-05,2021,3,9,September,35,True
20210906,2021-09-06,2021,3,9,September,36,True
20210907,2021-09-07,2021,3,9,September,36,True
20210908,2021-09-08,2021,3,9,September,36,True
20210909,2021-09-09,2021,3,9,September,36,True
20210910,2021-09-10,2021,3,9,September,36,True
20210911,2021-09-11,2021,3,9,September,36,True
20210912,2021-09-12,2021,3,9,September,36,True
20210913,2021-09-13,2021,3,9,September,37,True
20210914,2021-09-14,2021,3,9,September,37,True
20210915,2021-09-15,2021,3,9,September,37,True
20210916,2021-09-16,2021,3,9,September,37,True
20210917,2021-09-17,2021,3,9,September,37,True
20210918,2021-09-18,2021,3,9,September,37,True
20210919,2021-09-19,2021,3,9,September,37,True
20210920,2021-09-20,2021,3,9,September,38,True
20210921,2021-09-21,2021,3,9,September,38,True
20210922,2021-09-22,2021,3,9,September,38,True
20210923,2021-09-23,2021,3,9,September,38,True
20210924,2021-09-24,2021,3,9,September,38,True
20210925,2021-09-25,2021,3,9,September,38,True
20210926,2021-09-26,2021,3,9,September,38,True
20210927,2021-09-27,2021,3,9,September,39,True
20210928,2021-09-28,2021,3,9,September,39,True
20210929,2021-09-29,2021,3,9,September,39,True
20210930,2021-09-30,2021,3,9,September,39,True
20211001,2021-10-01,2021,4,10,October,39,True
20211002,2021-10-02,2021,4,10,October,39,True
20211003,2021-10-03,2021,4,10,October,39,True
20211004,2021-10-04,2021,4,10,October,40,True
20211005,2021-10-05,2021,4,10,October,40,True
20211006,2021-10-06,2021,4,10,October,40,True
20211007,2021-10-07,2021,4,10,October,40,True
20211008,2021-10-08,2021,4,10,October,40,True
20211009,2021-10-09,2021,4,10,October,40,True
20211010,2021-10-10,2021,4,10,October,40,True
20211011,2021-10-11,2021,4,10,October,41,True
20211012,2021-10-12,2021,4,10,October,41,True
20211013,2021-10-13,2021,4,10,October,41,True
20211014,2021-10-14,2021,4,10,October,41,True
20211015,2021-10-15,2021,4,10,October,41,True
20211016,2021-10-16,2021,4,10,October,41,True
20211017,2021-10-17,2021,4,10,October,41,True
20211018,2021-10-18,2021,4,10,October,42,True
20211019,2021-10-19,2021,4,10,October,42,True
20211020,2021-10-20,2021,4,10,October,42,True
20211021,2021-10-21,2021,4,10,October,42,True
20211022,2021-10-22,2021,4,10,October,42,True
20211023,2021-10-23,2021,4,10,October,42,True
20211024,2021-10-24,2021,4,10,October,42,True
20211025,2021-10-25,2021,4,10,October,43,True
20211026,2021-10-26,2021,4,10,October,43,True
20211027,2021-10-27,2021,4,10,October,43,True
20211028,2021-10-28,2021,4,10,October,43,True
20211029,2021-10-29,2021,4,10,October,43,True
20211030,2021-10-30,2021,4,10,October,43,True
20211031,2021-10-31,2021,4,10,October,43,True
20211101,2021-11-01,2021,4,11,November,44,True
20211102,2021-11-02,2021,4,11,November,44,True
20211103,2021-11-03,2021,4,11,November,44,True
20211104,2021-11-04,2021,4,11,November,44,True
20211105,2021-11-05,2021,4,11,November,44,True
20211106,2021-11-06,2021,4,11,November,44,True
20211107,2021-11-07,2021,4,11,November,44,True
20211108,2021-11-08,2021,4,11,November,45,True
20211109,2021-11-09,2021,4,11,November,45,True
20211110,2021-11-10,2021,4,11,November,45,True
20211111,2021-11-11,2021,4,11,November,45,True
20211112,2021-11-12,2021,4,11,November,45,True
20211113,2021-11-13,2021,4,11,November,45,True
20211114,2021-11-14,2021,4,11,November,45,True
20211115,2021-11-15,2021,4,11,November,46,True
20211116,2021-11-16,2021,4,11,November,46,True
20211117,2021-11-17,2021,4,11,November,46,True
20211118,2021-11-18,2021,4,11,November,46,True
20211119,2021-11-19,2021,4,11,November,46,True
20211120,2021-11-20,2021,4,11,November,46,True
20211121,2021-11-21,2021,4,11,November,46,True
20211122,2021-11-22,2021,4,11,November,47,True
20211123,2021-11-23,2021,4,11,November,47,True
20211124,2021-11-24,2021,4,11,November,47,True
20211125,2021-11-25,2021,4,11,November,47,True
20211126,2021-11-26,2021,4,11,November,47,True
20211127,2021-11-27,2021,4,11,November,47,True
20211128,2021-11-28,2021,4,11,November,47,True
20211129,2021-11-29,2021,4,11,November,48,True
20211130,2021-11-30,2021,4,11,November,48,True
20211201,2021-12-01,2021,4,12,December,48,True
20211202,2021-12-02,2021,4,12,December,48,True
20211203,2021-12-03,2021,4,12,December,48,True
20211204,2021-12-04,2021,4,12,December,48,True
20211205,2021-12-05,2021,4,12,December,48,True
20211206,2021-12-06,2021,4,12,December,49,True
20211207,2021-12-07,2021,4,12,December,49,True
20211208,2021-12-08,2021,4,12,December,49,True
20211209,2021-12-09,2021,4,12,December,49,True
20211210,2021-12-10,2021,4,12,December,49,True
20211211,2021-12-11,2021,4,12,December,49,True
20211212,2021-12-12,2021,4,12,December,49,True
20211213,2021-12-13,2021,4,12,December,50,True
20211214,2021-12-14,2021,4,12,December,50,True
20211215,2021-12-15,2021,4,12,December,50,True
20211216,2021-12-16,2021,4,12,December,50,True
20211217,2021-12-17,2021,4,12,December,50,True
20211218,2021-12-18,2021,4,12,December,50,True
20211219,2021-12-19,2021,4,12,December,50,True
20211220,2021-12-20,2021,4,12,December,51,True
20211221,2021-12-21,2021,4,12,December,51,True
20211222,2021-12-22,2021,4,12,December,51,True
20211223,2021-12-23,2021,4,12,December,51,True
20211224,2021-12-24,2021,4,12,December,51,True
20211225,2021-12-25,2021,4,12,December,51,True
20211226,2021-12-26,2021,4,12,December,51,True
20211227,2021-12-27,2021,4,12,December,52,True
20211228,2021-12-28,2021,4,12,December,52,True
20211229,2021-12-29,2021,4,12,December,52,True
20211230,2021-12-30,2021,4,12,December,52,True
20211231,2021-12-31,2021,4,12,December,52,True
20220101,2022-01-01,2022,1,1,January,52,False
20220102,2022-01-02,2022,1,1,January,52,False
20220103,2022-01-03,2022,1,1,January,1,False
20220104,2022-01-04,2022,1,1,January,1,False
20220105,2022-01-05,2022,1,1,January,1,False
20220106,2022-01-06,2022,1,1,January,1,False
20220107,2022-01-07,2022,1,1,January,1,False
20220108,2022-01-08,2022,1,1,January,1,False
20220109,2022-01-09,2022,1,1,January,1,False
20220110,2022-01-10,2022,1,1,January,2,False
20220111,2022-01-11,2022,1,1,January,2,False
20220112,2022-01-12,2022,1,1,January,2,False
20220113,2022-01-13,2022,1,1,January,2,False
20220114,2022-01-14,2022,1,1,January,2,False
20220115,2022-01-15,2022,1,1,January,2,False
20220116,2022-01-16,2022,1,1,January,2,False
20220117,2022-01-17,2022,1,1,January,3,False
20220118,2022-01-18,2022,1,1,January,3,False
20220119,2022-01-19,2022,1,1,January,3,False
20220120,2022-01-20,2022,1,1,January,3,False
20220121,2022-01-21,2022,1,1,January,3,False
20220122,2022-01-22,2022,1,1,January,3,False
20220123,2022-01-23,2022,1,1,January,3,False
20220124,2022-01-24,2022,1,1,January,4,False
20220125,2022-01-25,2022,1,1,January,4,False
20220126,2022-01-26,2022,1,1,January,4,False
20220127,2022-01-27,2022,1,1,January,4,False
20220128,2022-01-28,2022,1,1,January,4,False
20220129,2022-01-29,2022,1,1,January,4,False
20220130,2022-01-30,2022,1,1,January,4,False
20220131,2022-01-31,2022,1,1,January,5,False
20220201,2022-02-01,2022,1,2,February,5,False
20220202,2022-02-02,2022,1,2,February,5,False
20220203,2022-02-03,2022,1,2,February,5,False
20220204,2022-02-04,2022,1,2,February,5,False
20220205,2022-02-05,2022,1,2,February,5,False
20220206,2022-02-06,2022,1,2,February,5,False
20220207,2022-02-07,2022,1,2,February,6,False
20220208,2022-02-08,2022,1,2,February,6,False
20220209,2022-02-09,2022,1,2,February,6,False
20220210,2022-02-10,2022,1,2,February,6,False
20220211,2022-02-11,2022,1,2,February,6,False
20220212,2022-02-12,2022,1,2,February,6,False
20220213,2022-02-13,2022,1,2,February,6,False
20220214,2022-02-14,2022,1,2,February,7,False
20220215,2022-02-15,2022,1,2,February,7,False
20220216,2022-02-16,2022,1,2,February,7,False
20220217,2022-02-17,2022,1,2,February,7,False
20220218,2022-02-18,2022,1,2,February,7,False
20220219,2022-02-19,2022,1,2,February,7,False
20220220,2022-02-20,2022,1,2,February,7,False
20220221,2022-02-21,2022,1,2,February,8,False
20220222,2022-02-22,2022,1,2,February,8,False
20220223,2022-02-23,2022,1,2,February,8,False
20220224,2022-02-24,2022,1,2,February,8,False
20220225,2022-02-25,2022,1,2,February,8,False
20220226,2022-02-26,2022,1,2,February,8,False
20220227,2022-02-27,2022,1,2,February,8,False
20220228,2022-02-28,2022,1,2,February,9,False
20220301,2022-03-01,2022,1,3,March,9,True
20220302,2022-03-02,2022,1,3,March,9,True
20220303,2022-03-03,2022,1,3,March,9,True
20220304,2022-03-04,2022,1,3,March,9,True
20220305,2022-03-05,2022,1,3,March,9,True
20220306,2022-03-06,2022,1,3,March,9,True
20220307,2022-03-07,2022,1,3,March,10,True
20220308,2022-03-08,2022,1,3,March,10,True
20220309,2022-03-09,2022,1,3,March,10,True
20220310,2022-03-10,2022,1,3,March,10,True
20220311,2022-03-11,2022,1,3,March,10,True
20220312,2022-03-12,2022,1,3,March,10,True
20220313,2022-03-13,2022,1,3,March,10,True
20220314,2022-03-14,2022,1,3,March,11,True
20220315,2022-03-15,2022,1,3,March,11,True
20220316,2022-03-16,2022,1,3,March,11,True
20220317,2022-03-17,2022,1,3,March,11,True
20220318,2022-03-18,2022,1,3,March,11,True
20220319,2022-03-19,2022,1,3,March,11,True
20220320,2022-03-20,2022,1,3,March,11,True
20220321,2022-03-21,2022,1,3,March,12,True
20220322,2022-03-22,2022,1,3,March,12,True
20220323,2022-03-23,2022,1,3,March,12,True
20220324,2022-03-24,2022,1,3,March,12,True
20220325,2022-03-25,2022,1,3,March,12,True
20220326,2022-03-26,2022,1,3,March,12,True
20220327,2022-03-27,2022,1,3,March,12,True
20220328,2022-03-28,2022,1,3,March,13,True
20220329,2022-03-29,2022,1,3,March,13,True
20220330,2022-03-30,2022,1,3,March,13,True
20220331,2022-03-31,2022,1,3,March,13,True
20220401,2022-04-01,2022,2,4,April,13,True
20220402,2022-04-02,2022,2,4,April,13,True
20220403,2022-04-03,2022,2,4,April,13,True
20220404,2022-04-04,2022,2,4,April,14,True
20220405,2022-04-05,2022,2,4,April,14,True
20220406,2022-04-06,2022,2,4,April,14,True
20220407,2022-04-07,2022,2,4,April,14,True
20220408,2022-04-08,2022,2,4,April,14,True
20220409,2022-04-09,2022,2,4,April,14,True
20220410,2022-04-10,2022,2,4,April,14,True
20220411,2022-04-11,2022,2,4,April,15,True
20220412,2022-04-12,2022,2,4,April,15,True
20220413,2022-04-13,2022,2,4,April,15,True
20220414,2022-04-14,2022,2,4,April,15,True
20220415,2022-04-15,2022,2,4,April,15,True
20220416,2022-04-16,2022,2,4,April,15,True
20220417,2022-04-17,2022,2,4,April,15,True
20220418,2022-04-18,2022,2,4,April,16,True
20220419,2022-04-19,2022,2,4,April,16,True
20220420,2022-04-20,2022,2,4,April,16,True
20220421,2022-04-21,2022,2,4,April,16,True
20220422,2022-04-22,2022,2,4,April,16,True
20220423,2022-04-23,2022,2,4,April,16,True
20220424,2022-04-24,2022,2,4,April,16,True
20220425,2022-04-25,2022,2,4,April,17,True
20220426,2022-04-26,2022,2,4,April,17,True
20220427,2022-04-27,2022,2,4,April,17,True
20220428,2022-04-28,2022,2,4,April,17,True
20220429,2022-04-29,2022,2,4,April,17,True
20220430,2022-04-30,2022,2,4,April,17,True
20220501,2022-05-01,2022,2,5,May,17,True
20220502,2022-05-02,2022,2,5,May,18,True
20220503,2022-05-03,2022,2,5,May,18,True
20220504,2022-05-04,2022,2,5,May,18,True
20220505,2022-05-05,2022,2,5,May,18,True
20220506,2022-05-06,2022,2,5,May,18,True
20220507,2022-05-07,2022,2,5,May,18,True
20220508,2022-05-08,2022,2,5,May,18,True
20220509,2022-05-09,2022,2,5,May,19,True
20220510,2022-05-10,2022,2,5,May,19,True
20220511,2022-05-11,2022,2,5,May,19,True
20220512,2022-05-12,2022,2,5,May,19,True
20220513,2022-05-13,2022,2,5,May,19,True
20220514,2022-05-14,2022,2,5,May,19,True
20220515,2022-05-15,2022,2,5,May,19,True
20220516,2022-05-16,2022,2,5,May,20,True
20220517,2022-05-17,2022,2,5,May,20,True
20220518,2022-05-18,2022,2,5,May,20,True
20220519,2022-05-19,2022,2,5,May,20,True
20220520,2022-05-20,2022,2,5,May,20,True
20220521,2022-05-21,2022,2,5,May,20,True
20220522,2022-05-22,2022,2,5,May,20,True
20220523,2022-05-23,2022,2,5,May,21,True
20220524,2022-05-24,2022,2,5,May,21,True
20220525,2022-05-25,2022,2,5,May,21,True
20220526,2022-05-26,2022,2,5,May,21,True
20220527,2022-05-27,2022,2,5,May,21,True
20220528,2022-05-28,2022,2,5,May,21,True
20220529,2022-05-29,2022,2,5,May,21,True
20220530,2022-05-30,2022,2,5,May,22,True
20220531,2022-05-31,2022,2,5,May,22,True
20220601,2022-06-01,2022,2,6,June,22,True
20220602,2022-06-02,2022,2,6,June,22,True
20220603,2022-06-03,2022,2,6,June,22,True
20220604,2022-06-04,2022,2,6,June,22,True
20220605,2022-06-05,2022,2,6,June,22,True
20220606,2022-06-06,2022,2,6,June,23,True
20220607,2022-06-07,2022,2,6,June,23,True
20220608,2022-06-08,2022,2,6,June,23,True
20220609,2022-06-09,2022,2,6,June,23,True
20220610,2022-06-10,2022,2,6,June,23,True
20220611,2022-06-11,2022,2,6,June,23,True
20220612,2022-06-12,2022,2,6,June,23,True
20220613,2022-06-13,2022,2,6,June,24,True
20220614,2022-06-14,2022,2,6,June,24,True
20220615,2022-06-15,2022,2,6,June,24,True
20220616,2022-06-16,2022,2,6,June,24,True
20220617,2022-06-17,2022,2,6,June,24,True
20220618,2022-06-18,2022,2,6,June,24,True
20220619,2022-06-19,2022,2,6,June,24,True
20220620,2022-06-20,2022,2,6,June,25,True
20220621,2022-06-21,2022,2,6,June,25,True
20220622,2022-06-22,2022,2,6,June,25,True
20220623,2022-06-23,2022,2,6,June,25,True
20220624,2022-06-24,2022,2,6,June,25,True
20220625,2022-06-25,2022,2,6,June,25,True
20220626,2022-06-26,2022,2,6,June,25,True
20220627,2022-06-27,2022,2,6,June,26,True
20220628,2022-06-28,2022,2,6,June,26,True
20220629,2022-06-29,2022,2,6,June,26,True
20220630,2022-06-30,2022,2,6,June,26,True
20220701,2022-07-01,2022,3,7,July,26,False
20220702,2022-07-02,2022,3,7,July,26,False
20220703,2022-07-03,2022,3,7,July,26,False
20220704,2022-07-04,2022,3,7,July,27,False
20220705,2022-07-05,2022,3,7,July,27,False
20220706,2022-07-06,2022,3,7,July,27,False
20220707,2022-07-07,2022,3,7,July,27,False
20220708,2022-07-08,2022,3,7,July,27,False
20220709,2022-07-09,2022,3,7,July,27,False
20220710,2022-07-10,2022,3,7,July,27,False
20220711,2022-07-11,2022,3,7,July,28,False
20220712,2022-07-12,2022,3,7,July,28,False
20220713,2022-07-13,2022,3,7,July,28,False
20220714,2022-07-14,2022,3,7,July,28,False
20220715,2022-07-15,2022,3,7,July,28,False
20220716,2022-07-16,2022,3,7,July,28,False
20220717,2022-07-17,2022,3,7,July,28,False
20220718,2022-07-18,2022,3,7,July,29,False
20220719,2022-07-19,2022,3,7,July,29,False
20220720,2022-07-20,2022,3,7,July,29,False
20220721,2022-07-21,2022,3,7,July,29,False
20220722,2022-07-22,2022,3,7,July,29,False
20220723,2022-07-23,2022,3,7,July,29,False
20220724,2022-07-24,2022,3,7,July,29,False
20220725,2022-07-25,2022,3,7,July,30,False
20220726,2022-07-26,2022,3,7,July,30,False
20220727,2022-07-27,2022,3,7,July,30,False
20220728,2022-07-28,2022,3,7,July,30,False
20220729,2022-07-29,2022,3,7,July,30,False
20220730,2022-07-30,2022,3,7,July,30,False
20220731,2022-07-31,2022,3,7,July,30,False
20220801,2022-08-01,2022,3,8,August,31,False
20220802,2022-08-02,2022,3,8,August,31,False
20220803,2022-08-03,2022,3,8,August,31,False
20220804,2022-08-04,2022,3,8,August,31,False
20220805,2022-08-05,2022,3,8,August,31,False
20220806,2022-08-06,2022,3,8,August,31,False
20220807,2022-08-07,2022,3,8,August,31,False
20220808,2022-08-08,2022,3,8,August,32,False
20220809,2022-08-09,2022,3,8,August,32,False
20220810,2022-08-10,2022,3,8,August,32,False
20220811,2022-08-11,2022,3,8,August,32,False
20220812,2022-08-12,2022,3,8,August,32,False
20220813,2022-08-13,2022,3,8,August,32,False
20220814,2022-08-14,2022,3,8,August,32,False
20220815,2022-08-15,2022,3,8,August,33,False
20220816,2022-08-16,2022,3,8,August,33,False
20220817,2022-08-17,2022,3,8,August,33,False
20220818,2022-08-18,2022,3,8,August,33,False
20220819,2022-08-19,2022,3,8,August,33,False
20220820,2022-08-20,2022,3,8,August,33,False
20220821,2022-08-21,2022,3,8,August,33,False
20220822,2022-08-22,2022,3,8,August,34,False
20220823,2022-08-23,2022,3,8,August,34,False
20220824,2022-08-24,2022,3,8,August,34,False
20220825,2022-08-25,2022,3,8,August,34,False
20220826,2022-08-26,2022,3,8,August,34,False
20220827,2022-08-27,2022,3,8,August,34,False
20220828,2022-08-28,2022,3,8,August,34,False
20220829,2022-08-29,2022,3,8,August,35,False
20220830,2022-08-30,2022,3,8,August,35,False
20220831,2022-08-31,2022,3,8,August,35,False
20220901,2022-09-01,2022,3,9,September,35,True
20220902,2022-09-02,2022,3,9,September,35,True
20220903,2022-09-03,2022,3,9,September,35,True
20220904,2022-09-04,2022,3,9,September,35,True
20220905,2022-09-05,2022,3,9,September,36,True
20220906,2022-09-06,2022,3,9,September,36,True
20220907,2022-09-07,2022,3,9,September,36,True
20220908,2022-09-08,2022,3,9,September,36,True
20220909,2022-09-09,2022,3,9,September,36,True
20220910,2022-09-10,2022,3,9,September,36,True
20220911,2022-09-11,2022,3,9,September,36,True
20220912,2022-09-12,2022,3,9,September,37,True
20220913,2022-09-13,2022,3,9,September,37,True
20220914,2022-09-14,2022,3,9,September,37,True
20220915,2022-09-15,2022,3,9,September,37,True
20220916,2022-09-16,2022,3,9,September,37,True
20220917,2022-09-17,2022,3,9,September,37,True
20220918,2022-09-18,2022,3,9,September,37,True
20220919,2022-09-19,2022,3,9,September,38,True
20220920,2022-09-20,2022,3,9,September,38,True
20220921,2022-09-21,2022,3,9,September,38,True
20220922,2022-09-22,2022,3,9,September,38,True
20220923,2022-09-23,2022,3,9,September,38,True
20220924,2022-09-24,2022,3,9,September,38,True
20220925,2022-09-25,2022,3,9,September,38,True
20220926,2022-09-26,2022,3,9,September,39,True
20220927,2022-09-27,2022,3,9,September,39,True
20220928,2022-09-28,2022,3,9,September,39,True
20220929,2022-09-29,2022,3,9,September,39,True
20220930,2022-09-30,2022,3,9,September,39,True
20221001,2022-10-01,2022,4,10,October,39,True
20221002,2022-10-02,2022,4,10,October,39,True
20221003,2022-10-03,2022,4,10,October,40,True
20221004,2022-10-04,2022,4,10,October,40,True
20221005,2022-10-05,2022,4,10,October,40,True
20221006,2022-10-06,2022,4,10,October,40,True
20221007,2022-10-07,2022,4,10,October,40,True
20221008,2022-10-08,2022,4,10,October,40,True
20221009,2022-10-09,2022,4,10,October,40,True
20221010,2022-10-10,2022,4,10,October,41,True
20221011,2022-10-11,2022,4,10,October,41,True
20221012,2022-10-12,2022,4,10,October,41,True
20221013,2022-10-13,2022,4,10,October,41,True
20221014,2022-10-14,2022,4,10,October,41,True
20221015,2022-10-15,2022,4,10,October,41,True
20221016,2022-10-16,2022,4,10,October,41,True
20221017,2022-10-17,2022,4,10,October,42,True
20221018,2022-10-18,2022,4,10,October,42,True
20221019,2022-10-19,2022,4,10,October,42,True
20221020,2022-10-20,2022,4,10,October,42,True
20221021,2022-10-21,2022,4,10,October,42,True
20221022,2022-10-22,2022,4,10,October,42,True
20221023,2022-10-23,2022,4,10,October,42,True
20221024,2022-10-24,2022,4,10,October,43,True
20221025,2022-10-25,2022,4,10,October,43,True
20221026,2022-10-26,2022,4,10,October,43,True
20221027,2022-10-27,2022,4,10,October,43,True
20221028,2022-10-28,2022,4,10,October,43,True
20221029,2022-10-29,2022,4,10,October,43,True
20221030,2022-10-30,2022,4,10,October,43,True
20221031,2022-10-31,2022,4,10,October,44,True
20221101,2022-11-01,2022,4,11,November,44,True
20221102,2022-11-02,2022,4,11,November,44,True
20221103,2022-11-03,2022,4,11,November,44,True
20221104,2022-11-04,2022,4,11,November,44,True
20221105,2022-11-05,2022,4,11,November,44,True
20221106,2022-11-06,2022,4,11,November,44,True
20221107,2022-11-07,2022,4,11,November,45,True
20221108,2022-11-08,2022,4,11,November,45,True
20221109,2022-11-09,2022,4,11,November,45,True
20221110,2022-11-10,2022,4,11,November,45,True
20221111,2022-11-11,2022,4,11,November,45,True
20221112,2022-11-12,2022,4,11,November,45,True
20221113,2022-11-13,2022,4,11,November,45,True
20221114,2022-11-14,2022,4,11,November,46,True
20221115,2022-11-15,2022,4,11,November,46,True
20221116,2022-11-16,2022,4,11,November,46,True
20221117,2022-11-17,2022,4,11,November,46,True
20221118,2022-11-18,2022,4,11,November,46,True
20221119,2022-11-19,2022,4,11,November,46,True
20221120,2022-11-20,2022,4,11,November,46,True
20221121,2022-11-21,2022,4,11,November,47,True
20221122,2022-11-22,2022,4,11,November,47,True
20221123,2022-11-23,2022,4,11,November,47,True
20221124,2022-11-24,2022,4,11,November,47,True
20221125,2022-11-25,2022,4,11,November,47,True
20221126,2022-11-26,2022,4,11,November,47,True
20221127,2022-11-27,2022,4,11,November,47,True
20221128,2022-11-28,2022,4,11,November,48,True
20221129,2022-11-29,2022,4,11,November,48,True
20221130,2022-11-30,2022,4,11,November,48,True
20221201,2022-12-01,2022,4,12,December,48,True
20221202,2022-12-02,2022,4,12,December,48,True
20221203,2022-12-03,2022,4,12,December,48,True
20221204,2022-12-04,2022,4,12,December,48,True
20221205,2022-12-05,2022,4,12,December,49,True
20221206,2022-12-06,2022,4,12,December,49,True
20221207,2022-12-07,2022,4,12,December,49,True
20221208,2022-12-08,2022,4,12,December,49,True
20221209,2022-12-09,2022,4,12,December,49,True
20221210,2022-12-10,2022,4,12,December,49,True
20221211,2022-12-11,2022,4,12,December,49,True
20221212,2022-12-12,2022,4,12,December,50,True
20221213,2022-12-13,2022,4,12,December,50,True
20221214,2022-12-14,2022,4,12,December,50,True
20221215,2022-12-15,2022,4,12,December,50,True
20221216,2022-12-16,2022,4,12,December,50,True
20221217,2022-12-17,2022,4,12,December,50,True
20221218,2022-12-18,2022,4,12,December,50,True
20221219,2022-12-19,2022,4,12,December,51,True
20221220,2022-12-20,2022,4,12,December,51,True
20221221,2022-12-21,2022,4,12,December,51,True
20221222,2022-12-22,2022,4,12,December,51,True
20221223,2022-12-23,2022,4,12,December,51,True
20221224,2022-12-24,2022,4,12,December,51,True
20221225,2022-12-25,2022,4,12,December,51,True
20221226,2022-12-26,2022,4,12,December,52,True
20221227,2022-12-27,2022,4,12,December,52,True
20221228,2022-12-28,2022,4,12,December,52,True
20221229,2022-12-29,2022,4,12,December,52,True
20221230,2022-12-30,2022,4,12,December,52,True
20221231,2022-12-31,2022,4,12,December,52,True
20230101,2023-01-01,2023,1,1,January,52,False
20230102,2023-01-02,2023,1,1,January,1,False
20230103,2023-01-03,2023,1,1,January,1,False
20230104,2023-01-04,2023,1,1,January,1,False
20230105,2023-01-05,2023,1,1,January,1,False
20230106,2023-01-06,2023,1,1,January,1,False
20230107,2023-01-07,2023,1,1,January,1,False
20230108,2023-01-08,2023,1,1,January,1,False
20230109,2023-01-09,2023,1,1,January,2,False
20230110,2023-01-10,2023,1,1,January,2,False
20230111,2023-01-11,2023,1,1,January,2,False
20230112,2023-01-12,2023,1,1,January,2,False
20230113,2023-01-13,2023,1,1,January,2,False
20230114,2023-01-14,2023,1,1,January,2,False
20230115,2023-01-15,2023,1,1,January,2,False
20230116,2023-01-16,2023,1,1,January,3,False
20230117,2023-01-17,2023,1,1,January,3,False
20230118,2023-01-18,2023,1,1,January,3,False
20230119,2023-01-19,2023,1,1,January,3,False
20230120,2023-01-20,2023,1,1,January,3,False
20230121,2023-01-21,2023,1,1,January,3,False
20230122,2023-01-22,2023,1,1,January,3,False
20230123,2023-01-23,2023,1,1,January,4,False
20230124,2023-01-24,2023,1,1,January,4,False
20230125,2023-01-25,2023,1,1,January,4,False
20230126,2023-01-26,2023,1,1,January,4,False
20230127,2023-01-27,2023,1,1,January,4,False
20230128,2023-01-28,2023,1,1,January,4,False
20230129,2023-01-29,2023,1,1,January,4,False
20230130,2023-01-30,2023,1,1,January,5,False
20230131,2023-01-31,2023,1,1,January,5,False
20230201,2023-02-01,2023,1,2,February,5,False
20230202,2023-02-02,2023,1,2,February,5,False
20230203,2023-02-03,2023,1,2,February,5,False
20230204,2023-02-04,2023,1,2,February,5,False
20230205,2023-02-05,2023,1,2,February,5,False
20230206,2023-02-06,2023,1,2,February,6,False
20230207,2023-02-07,2023,1,2,February,6,False
20230208,2023-02-08,2023,1,2,February,6,False
20230209,2023-02-09,2023,1,2,February,6,False
20230210,2023-02-10,2023,1,2,February,6,False
20230211,2023-02-11,2023,1,2,February,6,False
20230212,2023-02-12,2023,1,2,February,6,False
20230213,2023-02-13,2023,1,2,February,7,False
20230214,2023-02-14,2023,1,2,February,7,False
20230215,2023-02-15,2023,1,2,February,7,False
20230216,2023-02-16,2023,1,2,February,7,False
20230217,2023-02-17,2023,1,2,February,7,False
20230218,2023-02-18,2023,1,2,February,7,False
20230219,2023-02-19,2023,1,2,February,7,False
20230220,2023-02-20,2023,1,2,February,8,False
20230221,2023-02-21,2023,1,2,February,8,False
20230222,2023-02-22,2023,1,2,February,8,False
20230223,2023-02-23,2023,1,2,February,8,False
20230224,2023-02-24,2023,1,2,February,8,False
20230225,2023-02-25,2023,1,2,February,8,False
20230226,2023-02-26,2023,1,2,February,8,False
20230227,2023-02-27,2023,1,2,February,9,False
20230228,2023-02-28,2023,1,2,February,9,False
20230301,2023-03-01,2023,1,3,March,9,True
20230302,2023-03-02,2023,1,3,March,9,True
20230303,2023-03-03,2023,1,3,March,9,True
20230304,2023-03-04,2023,1,3,March,9,True
20230305,2023-03-05,2023,1,3,March,9,True
20230306,2023-03-06,2023,1,3,March,10,True
20230307,2023-03-07,2023,1,3,March,10,True
20230308,2023-03-08,2023,1,3,March,10,True
20230309,2023-03-09,2023,1,3,March,10,True
20230310,2023-03-10,2023,1,3,March,10,True
20230311,2023-03-11,2023,1,3,March,10,True
20230312,2023-03-12,2023,1,3,March,10,True
20230313,2023-03-13,2023,1,3,March,11,True
20230314,2023-03-14,2023,1,3,March,11,True
20230315,2023-03-15,2023,1,3,March,11,True
20230316,2023-03-16,2023,1,3,March,11,True
20230317,2023-03-17,2023,1,3,March,11,True
20230318,2023-03-18,2023,1,3,March,11,True
20230319,2023-03-19,2023,1,3,March,11,True
20230320,2023-03-20,2023,1,3,March,12,True
20230321,2023-03-21,2023,1,3,March,12,True
20230322,2023-03-22,2023,1,3,March,12,True
20230323,2023-03-23,2023,1,3,March,12,True
20230324,2023-03-24,2023,1,3,March,12,True
20230325,2023-03-25,2023,1,3,March,12,True
20230326,2023-03-26,2023,1,3,March,12,True
20230327,2023-03-27,2023,1,3,March,13,True
20230328,2023-03-28,2023,1,3,March,13,True
20230329,2023-03-29,2023,1,3,March,13,True
20230330,2023-03-30,2023,1,3,March,13,True
20230331,2023-03-31,2023,1,3,March,13,True
20230401,2023-04-01,2023,2,4,April,13,True
20230402,2023-04-02,2023,2,4,April,13,True
20230403,2023-04-03,2023,2,4,April,14,True
20230404,2023-04-04,2023,2,4,April,14,True
20230405,2023-04-05,2023,2,4,April,14,True
20230406,2023-04-06,2023,2,4,April,14,True
20230407,2023-04-07,2023,2,4,April,14,True
20230408,2023-04-08,2023,2,4,April,14,True
20230409,2023-04-09,2023,2,4,April,14,True
20230410,2023-04-10,2023,2,4,April,15,True
20230411,2023-04-11,2023,2,4,April,15,True
20230412,2023-04-12,2023,2,4,April,15,True
20230413,2023-04-13,2023,2,4,April,15,True
20230414,2023-04-14,2023,2,4,April,15,True
20230415,2023-04-15,2023,2,4,April,15,True
20230416,2023-04-16,2023,2,4,April,15,True
20230417,2023-04-17,2023,2,4,April,16,True
20230418,2023-04-18,2023,2,4,April,16,True
20230419,2023-04-19,2023,2,4,April,16,True
20230420,2023-04-20,2023,2,4,April,16,True
20230421,2023-04-21,2023,2,4,April,16,True
20230422,2023-04-22,2023,2,4,April,16,True
20230423,2023-04-23,2023,2,4,April,16,True
20230424,2023-04-24,2023,2,4,April,17,True
20230425,2023-04-25,2023,2,4,April,17,True
20230426,2023-04-26,2023,2,4,April,17,True
20230427,2023-04-27,2023,2,4,April,17,True
20230428,2023-04-28,2023,2,4,April,17,True
20230429,2023-04-29,2023,2,4,April,17,True
20230430,2023-04-30,2023,2,4,April,17,True
20230501,2023-05-01,2023,2,5,May,18,True
20230502,2023-05-02,2023,2,5,May,18,True
20230503,2023-05-03,2023,2,5,May,18,True
20230504,2023-05-04,2023,2,5,May,18,True
20230505,2023-05-05,2023,2,5,May,18,True
20230506,2023-05-06,2023,2,5,May,18,True
20230507,2023-05-07,2023,2,5,May,18,True
20230508,2023-05-08,2023,2,5,May,19,True
20230509,2023-05-09,2023,2,5,May,19,True
20230510,2023-05-10,2023,2,5,May,19,True
20230511,2023-05-11,2023,2,5,May,19,True
20230512,2023-05-12,2023,2,5,May,19,True
20230513,2023-05-13,2023,2,5,May,19,True
20230514,2023-05-14,2023,2,5,May,19,True
20230515,2023-05-15,2023,2,5,May,20,True
20230516,2023-05-16,2023,2,5,May,20,True
20230517,2023-05-17,2023,2,5,May,20,True
20230518,2023-05-18,2023,2,5,May,20,True
20230519,2023-05-19,2023,2,5,May,20,True
20230520,2023-05-20,2023,2,5,May,20,True
20230521,2023-05-21,2023,2,5,May,20,True
20230522,2023-05-22,2023,2,5,May,21,True
20230523,2023-05-23,2023,2,5,May,21,True
20230524,2023-05-24,2023,2,5,May,21,True
20230525,2023-05-25,2023,2,5,May,21,True
20230526,2023-05-26,2023,2,5,May,21,True
20230527,2023-05-27,2023,2,5,May,21,True
20230528,2023-05-28,2023,2,5,May,21,True
20230529,2023-05-29,2023,2,5,May,22,True
20230530,2023-05-30,2023,2,5,May,22,True
20230531,2023-05-31,2023,2,5,May,22,True
20230601,2023-06-01,2023,2,6,June,22,True
20230602,2023-06-02,2023,2,6,June,22,True
20230603,2023-06-03,2023,2,6,June,22,True
20230604,2023-06-04,2023,2,6,June,22,True
20230605,2023-06-05,2023,2,6,June,23,True
20230606,2023-06-06,2023,2,6,June,23,True
20230607,2023-06-07,2023,2,6,June,23,True
20230608,2023-06-08,2023,2,6,June,23,True
20230609,2023-06-09,2023,2,6,June,23,True
20230610,2023-06-10,2023,2,6,June,23,True
20230611,2023-06-11,2023,2,6,June,23,True
20230612,2023-06-12,2023,2,6,June,24,True
20230613,2023-06-13,2023,2,6,June,24,True
20230614,2023-06-14,2023,2,6,June,24,True
20230615,2023-06-15,2023,2,6,June,24,True
20230616,2023-06-16,2023,2,6,June,24,True
20230617,2023-06-17,2023,2,6,June,24,True
20230618,2023-06-18,2023,2,6,June,24,True
20230619,2023-06-19,2023,2,6,June,25,True
20230620,2023-06-20,2023,2,6,June,25,True
20230621,2023-06-21,2023,2,6,June,25,True
20230622,2023-06-22,2023,2,6,June,25,True
20230623,2023-06-23,2023,2,6,June,25,True
20230624,2023-06-24,2023,2,6,June,25,True
20230625,2023-06-25,2023,2,6,June,25,True
20230626,2023-06-26,2023,2,6,June,26,True
20230627,2023-06-27,2023,2,6,June,26,True
20230628,2023-06-28,2023,2,6,June,26,True
20230629,2023-06-29,2023,2,6,June,26,True
20230630,2023-06-30,2023,2,6,June,26,True
20230701,2023-07-01,2023,3,7,July,26,False
20230702,2023-07-02,2023,3,7,July,26,False
20230703,2023-07-03,2023,3,7,July,27,False
20230704,2023-07-04,2023,3,7,July,27,False
20230705,2023-07-05,2023,3,7,July,27,False
20230706,2023-07-06,2023,3,7,July,27,False
20230707,2023-07-07,2023,3,7,July,27,False
20230708,2023-07-08,2023,3,7,July,27,False
20230709,2023-07-09,2023,3,7,July,27,False
20230710,2023-07-10,2023,3,7,July,28,False
20230711,2023-07-11,2023,3,7,July,28,False
20230712,2023-07-12,2023,3,7,July,28,False
20230713,2023-07-13,2023,3,7,July,28,False
20230714,2023-07-14,2023,3,7,July,28,False
20230715,2023-07-15,2023,3,7,July,28,False
20230716,2023-07-16,2023,3,7,July,28,False
20230717,2023-07-17,2023,3,7,July,29,False
20230718,2023-07-18,2023,3,7,July,29,False
20230719,2023-07-19,2023,3,7,July,29,False
20230720,2023-07-20,2023,3,7,July,29,False
20230721,2023-07-21,2023,3,7,July,29,False
20230722,2023-07-22,2023,3,7,July,29,False
20230723,2023-07-23,2023,3,7,July,29,False
20230724,2023-07-24,2023,3,7,July,30,False
20230725,2023-07-25,2023,3,7,July,30,False
20230726,2023-07-26,2023,3,7,July,30,False
20230727,2023-07-27,2023,3,7,July,30,False
20230728,2023-07-28,2023,3,7,July,30,False
20230729,2023-07-29,2023,3,7,July,30,False
20230730,2023-07-30,2023,3,7,July,30,False
20230731,2023-07-31,2023,3,7,July,31,False
20230801,2023-08-01,2023,3,8,August,31,False
20230802,2023-08-02,2023,3,8,August,31,False
20230803,2023-08-03,2023,3,8,August,31,False
20230804,2023-08-04,2023,3,8,August,31,False
20230805,2023-08-05,2023,3,8,August,31,False
20230806,2023-08-06,2023,3,8,August,31,False
20230807,2023-08-07,2023,3,8,August,32,False
20230808,2023-08-08,2023,3,8,August,32,False
20230809,2023-08-09,2023,3,8,August,32,False
20230810,2023-08-10,2023,3,8,August,32,False
20230811,2023-08-11,2023,3,8,August,32,False
20230812,2023-08-12,2023,3,8,August,32,False
20230813,2023-08-13,2023,3,8,August,32,False
20230814,2023-08-14,2023,3,8,August,33,False
20230815,2023-08-15,2023,3,8,August,33,False
20230816,2023-08-16,2023,3,8,August,33,False
20230817,2023-08-17,2023,3,8,August,33,False
20230818,2023-08-18,2023,3,8,August,33,False
20230819,2023-08-19,2023,3,8,August,33,False
20230820,2023-08-20,2023,3,8,August,33,False
20230821,2023-08-21,2023,3,8,August,34,False
20230822,2023-08-22,2023,3,8,August,34,False
20230823,2023-08-23,2023,3,8,August,34,False
20230824,2023-08-24,2023,3,8,August,34,False
20230825,2023-08-25,2023,3,8,August,34,False
20230826,2023-08-26,2023,3,8,August,34,False
20230827,2023-08-27,2023,3,8,August,34,False
20230828,2023-08-28,2023,3,8,August,35,False
20230829,2023-08-29,2023,3,8,August,35,False
20230830,2023-08-30,2023,3,8,August,35,False
20230831,2023-08-31,2023,3,8,August,35,False
20230901,2023-09-01,2023,3,9,September,35,True
20230902,2023-09-02,2023,3,9,September,35,True
20230903,2023-09-03,2023,3,9,September,35,True
20230904,2023-09-04,2023,3,9,September,36,True
20230905,2023-09-05,2023,3,9,September,36,True
20230906,2023-09-06,2023,3,9,September,36,True
20230907,2023-09-07,2023,3,9,September,36,True
20230908,2023-09-08,2023,3,9,September,36,True
20230909,2023-09-09,2023,3,9,September,36,True
20230910,2023-09-10,2023,3,9,September,36,True
20230911,2023-09-11,2023,3,9,September,37,True
20230912,2023-09-12,2023,3,9,September,37,True
20230913,2023-09-13,2023,3,9,September,37,True
20230914,2023-09-14,2023,3,9,September,37,True
20230915,2023-09-15,2023,3,9,September,37,True
20230916,2023-09-16,2023,3,9,September,37,True
20230917,2023-09-17,2023,3,9,September,37,True
20230918,2023-09-18,2023,3,9,September,38,True
20230919,2023-09-19,2023,3,9,September,38,True
20230920,2023-09-20,2023,3,9,September,38,True
20230921,2023-09-21,2023,3,9,September,38,True
20230922,2023-09-22,2023,3,9,September,38,True
20230923,2023-09-23,2023,3,9,September,38,True
20230924,2023-09-24,2023,3,9,September,38,True
20230925,2023-09-25,2023,3,9,September,39,True
20230926,2023-09-26,2023,3,9,September,39,True
20230927,2023-09-27,2023,3,9,September,39,True
20230928,2023-09-28,2023,3,9,September,39,True
20230929,2023-09-29,2023,3,9,September,39,True
20230930,2023-09-30,2023,3,9,September,39,True
20231001,2023-10-01,2023,4,10,October,39,True
20231002,2023-10-02,2023,4,10,October,40,True
20231003,2023-10-03,2023,4,10,October,40,True
20231004,2023-10-04,2023,4,10,October,40,True
20231005,2023-10-05,2023,4,10,October,40,True
20231006,2023-10-06,2023,4,10,October,40,True
20231007,2023-10-07,2023,4,10,October,40,True
20231008,2023-10-08,2023,4,10,October,40,True
20231009,2023-10-09,2023,4,10,October,41,True
20231010,2023-10-10,2023,4,10,October,41,True
20231011,2023-10-11,2023,4,10,October,41,True
20231012,2023-10-12,2023,4,10,October,41,True
20231013,2023-10-13,2023,4,10,October,41,True
20231014,2023-10-14,2023,4,10,October,41,True
20231015,2023-10-15,2023,4,10,October,41,True
20231016,2023-10-16,2023,4,10,October,42,True
20231017,2023-10-17,2023,4,10,October,42,True
20231018,2023-10-18,2023,4,10,October,42,True
20231019,2023-10-19,2023,4,10,October,42,True
20231020,2023-10-20,2023,4,10,October,42,True
20231021,2023-10-21,2023,4,10,October,42,True
20231022,2023-10-22,2023,4,10,October,42,True
20231023,2023-10-23,2023,4,10,October,43,True
20231024,2023-10-24,2023,4,10,October,43,True
20231025,2023-10-25,2023,4,10,October,43,True
20231026,2023-10-26,2023,4,10,October,43,True
20231027,2023-10-27,2023,4,10,October,43,True
20231028,2023-10-28,2023,4,10,October,43,True
20231029,2023-10-29,2023,4,10,October,43,True
20231030,2023-10-30,2023,4,10,October,44,True
20231031,2023-10-31,2023,4,10,October,44,True
20231101,2023-11-01,2023,4,11,November,44,True
20231102,2023-11-02,2023,4,11,November,44,True
20231103,2023-11-03,2023,4,11,November,44,True
20231104,2023-11-04,2023,4,11,November,44,True
20231105,2023-11-05,2023,4,11,November,44,True
20231106,2023-11-06,2023,4,11,November,45,True
20231107,2023-11-07,2023,4,11,November,45,True
20231108,2023-11-08,2023,4,11,November,45,True
20231109,2023-11-09,2023,4,11,November,45,True
20231110,2023-11-10,2023,4,11,November,45,True
20231111,2023-11-11,2023,4,11,November,45,True
20231112,2023-11-12,2023,4,11,November,45,True
20231113,2023-11-13,2023,4,11,November,46,True
20231114,2023-11-14,2023,4,11,November,46,True
20231115,2023-11-15,2023,4,11,November,46,True
20231116,2023-11-16,2023,4,11,November,46,True
20231117,2023-11-17,2023,4,11,November,46,True
20231118,2023-11-18,2023,4,11,November,46,True
20231119,2023-11-19,2023,4,11,November,46,True
20231120,2023-11-20,2023,4,11,November,47,True
20231121,2023-11-21,2023,4,11,November,47,True
20231122,2023-11-22,2023,4,11,November,47,True
20231123,2023-11-23,2023,4,11,November,47,True
20231124,2023-11-24,2023,4,11,November,47,True
20231125,2023-11-25,2023,4,11,November,47,True
20231126,2023-11-26,2023,4,11,November,47,True
20231127,2023-11-27,2023,4,11,November,48,True
20231128,2023-11-28,2023,4,11,November,48,True
20231129,2023-11-29,2023,4,11,November,48,True
20231130,2023-11-30,2023,4,11,November,48,True
20231201,2023-12-01,2023,4,12,December,48,True
20231202,2023-12-02,2023,4,12,December,48,True
20231203,2023-12-03,2023,4,12,December,48,True
20231204,2023-12-04,2023,4,12,December,49,True
20231205,2023-12-05,2023,4,12,December,49,True
20231206,2023-12-06,2023,4,12,December,49,True
20231207,2023-12-07,2023,4,12,December,49,True
20231208,2023-12-08,2023,4,12,December,49,True
20231209,2023-12-09,2023,4,12,December,49,True
20231210,2023-12-10,2023,4,12,December,49,True
20231211,2023-12-11,2023,4,12,December,50,True
20231212,2023-12-12,2023,4,12,December,50,True
20231213,2023-12-13,2023,4,12,December,50,True
20231214,2023-12-14,2023,4,12,December,50,True
20231215,2023-12-15,2023,4,12,December,50,True
20231216,2023-12-16,2023,4,12,December,50,True
20231217,2023-12-17,2023,4,12,December,50,True
20231218,2023-12-18,2023,4,12,December,51,True
20231219,2023-12-19,2023,4,12,December,51,True
20231220,2023-12-20,2023,4,12,December,51,True
20231221,2023-12-21,2023,4,12,December,51,True
20231222,2023-12-22,2023,4,12,December,51,True
20231223,2023-12-23,2023,4,12,December,51,True
20231224,2023-12-24,2023,4,12,December,51,True
20231225,2023-12-25,2023,4,12,December,52,True
20231226,2023-12-26,2023,4,12,December,52,True
20231227,2023-12-27,2023,4,12,December,52,True
20231228,2023-12-28,2023,4,12,December,52,True
20231229,2023-12-29,2023,4,12,December,52,True
20231230,2023-12-30,2023,4,12,December,52,True
20231231,2023-12-31,2023,4,12,December,52,True
20240101,2024-01-01,2024,1,1,January,1,False
20240102,2024-01-02,2024,1,1,January,1,False
20240103,2024-01-03,2024,1,1,January,1,False
20240104,2024-01-04,2024,1,1,January,1,False
20240105,2024-01-05,2024,1,1,January,1,False
20240106,2024-01-06,2024,1,1,January,1,False
20240107,2024-01-07,2024,1,1,January,1,False
20240108,2024-01-08,2024,1,1,January,2,False
20240109,2024-01-09,2024,1,1,January,2,False
20240110,2024-01-10,2024,1,1,January,2,False
20240111,2024-01-11,2024,1,1,January,2,False
20240112,2024-01-12,2024,1,1,January,2,False
20240113,2024-01-13,2024,1,1,January,2,False
20240114,2024-01-14,2024,1,1,January,2,False
20240115,2024-01-15,2024,1,1,January,3,False
20240116,2024-01-16,2024,1,1,January,3,False
20240117,2024-01-17,2024,1,1,January,3,False
20240118,2024-01-18,2024,1,1,January,3,False
20240119,2024-01-19,2024,1,1,January,3,False
20240120,2024-01-20,2024,1,1,January,3,False
20240121,2024-01-21,2024,1,1,January,3,False
20240122,2024-01-22,2024,1,1,January,4,False
20240123,2024-01-23,2024,1,1,January,4,False
20240124,2024-01-24,2024,1,1,January,4,False
20240125,2024-01-25,2024,1,1,January,4,False
20240126,2024-01-26,2024,1,1,January,4,False
20240127,2024-01-27,2024,1,1,January,4,False
20240128,2024-01-28,2024,1,1,January,4,False
20240129,2024-01-29,2024,1,1,January,5,False
20240130,2024-01-30,2024,1,1,January,5,False
20240131,2024-01-31,2024,1,1,January,5,False
20240201,2024-02-01,2024,1,2,February,5,False
20240202,2024-02-02,2024,1,2,February,5,False
20240203,2024-02-03,2024,1,2,February,5,False
20240204,2024-02-04,2024,1,2,February,5,False
20240205,2024-02-05,2024,1,2,February,6,False
20240206,2024-02-06,2024,1,2,February,6,False
20240207,2024-02-07,2024,1,2,February,6,False
20240208,2024-02-08,2024,1,2,February,6,False
20240209,2024-02-09,2024,1,2,February,6,False
20240210,2024-02-10,2024,1,2,February,6,False
20240211,2024-02-11,2024,1,2,February,6,False
20240212,2024-02-12,2024,1,2,February,7,False
20240213,2024-02-13,2024,1,2,February,7,False
20240214,2024-02-14,2024,1,2,February,7,False
20240215,2024-02-15,2024,1,2,February,7,False
20240216,2024-02-16,2024,1,2,February,7,False
20240217,2024-02-17,2024,1,2,February,7,False
20240218,2024-02-18,2024,1,2,February,7,False
20240219,2024-02-19,2024,1,2,February,8,False
20240220,2024-02-20,2024,1,2,February,8,False
20240221,2024-02-21,2024,1,2,February,8,False
20240222,2024-02-22,2024,1,2,February,8,False
20240223,2024-02-23,2024,1,2,February,8,False
20240224,2024-02-24,2024,1,2,February,8,False
20240225,2024-02-25,2024,1,2,February,8,False
20240226,2024-02-26,2024,1,2,February,9,False
20240227,2024-02-27,2024,1,2,February,9,False
20240228,2024-02-28,2024,1,2,February,9,False
20240229,2024-02-29,2024,1,2,February,9,False
20240301,2024-03-01,2024,1,3,March,9,True
20240302,2024-03-02,2024,1,3,March,9,True
20240303,2024-03-03,2024,1,3,March,9,True
20240304,2024-03-04,2024,1,3,March,10,True
20240305,2024-03-05,2024,1,3,March,10,True
20240306,2024-03-06,2024,1,3,March,10,True
20240307,2024-03-07,2024,1,3,March,10,True
20240308,2024-03-08,2024,1,3,March,10,True
20240309,2024-03-09,2024,1,3,March,10,True
20240310,2024-03-10,2024,1,3,March,10,True
20240311,2024-03-11,2024,1,3,March,11,True
20240312,2024-03-12,2024,1,3,March,11,True
20240313,2024-03-13,2024,1,3,March,11,True
20240314,2024-03-14,2024,1,3,March,11,True
20240315,2024-03-15,2024,1,3,March,11,True
20240316,2024-03-16,2024,1,3,March,11,True
20240317,2024-03-17,2024,1,3,March,11,True
20240318,2024-03-18,2024,1,3,March,12,True
20240319,2024-03-19,2024,1,3,March,12,True
20240320,2024-03-20,2024,1,3,March,12,True
20240321,2024-03-21,2024,1,3,March,12,True
20240322,2024-03-22,2024,1,3,March,12,True
20240323,2024-03-23,2024,1,3,March,12,True
20240324,2024-03-24,2024,1,3,March,12,True
20240325,2024-03-25,2024,1,3,March,13,True
20240326,2024-03-26,2024,1,3,March,13,True
20240327,2024-03-27,2024,1,3,March,13,True
20240328,2024-03-28,2024,1,3,March,13,True
20240329,2024-03-29,2024,1,3,March,13,True
20240330,2024-03-30,2024,1,3,March,13,True
20240331,2024-03-31,2024,1,3,March,13,True
20240401,2024-04-01,2024,2,4,April,14,True
20240402,2024-04-02,2024,2,4,April,14,True
20240403,2024-04-03,2024,2,4,April,14,True
20240404,2024-04-04,2024,2,4,April,14,True
20240405,2024-04-05,2024,2,4,April,14,True
20240406,2024-04-06,2024,2,4,April,14,True
20240407,2024-04-07,2024,2,4,April,14,True
20240408,2024-04-08,2024,2,4,April,15,True
20240409,2024-04-09,2024,2,4,April,15,True
20240410,2024-04-10,2024,2,4,April,15,True
20240411,2024-04-11,2024,2,4,April,15,True
20240412,2024-04-12,2024,2,4,April,15,True
20240413,2024-04-13,2024,2,4,April,15,True
20240414,2024-04-14,2024,2,4,April,15,True
20240415,2024-04-15,2024,2,4,April,16,True
20240416,2024-04-16,2024,2,4,April,16,True
20240417,2024-04-17,2024,2,4,April,16,True
20240418,2024-04-18,2024,2,4,April,16,True
20240419,2024-04-19,2024,2,4,April,16,True
20240420,2024-04-20,2024,2,4,April,16,True
20240421,2024-04-21,2024,2,4,April,16,True
20240422,2024-04-22,2024,2,4,April,17,True
20240423,2024-04-23,2024,2,4,April,17,True
20240424,2024-04-24,2024,2,4,April,17,True
20240425,2024-04-25,2024,2,4,April,17,True
20240426,2024-04-26,2024,2,4,April,17,True
20240427,2024-04-27,2024,2,4,April,17,True
20240428,2024-04-28,2024,2,4,April,17,True
20240429,2024-04-29,2024,2,4,April,18,True
20240430,2024-04-30,2024,2,4,April,18,True
20240501,2024-05-01,2024,2,5,May,18,True
20240502,2024-05-02,2024,2,5,May,18,True
20240503,2024-05-03,2024,2,5,May,18,True
20240504,2024-05-04,2024,2,5,May,18,True
20240505,2024-05-05,2024,2,5,May,18,True
20240506,2024-05-06,2024,2,5,May,19,True
20240507,2024-05-07,2024,2,5,May,19,True
20240508,2024-05-08,2024,2,5,May,19,True
20240509,2024-05-09,2024,2,5,May,19,True
20240510,2024-05-10,2024,2,5,May,19,True
20240511,2024-05-11,2024,2,5,May,19,True
20240512,2024-05-12,2024,2,5,May,19,True
20240513,2024-05-13,2024,2,5,May,20,True
20240514,2024-05-14,2024,2,5,May,20,True
20240515,2024-05-15,2024,2,5,May,20,True
20240516,2024-05-16,2024,2,5,May,20,True
20240517,2024-05-17,2024,2,5,May,20,True
20240518,2024-05-18,2024,2,5,May,20,True
20240519,2024-05-19,2024,2,5,May,20,True
20240520,2024-05-20,2024,2,5,May,21,True
20240521,2024-05-21,2024,2,5,May,21,True
20240522,2024-05-22,2024,2,5,May,21,True
20240523,2024-05-23,2024,2,5,May,21,True
20240524,2024-05-24,2024,2,5,May,21,True
20240525,2024-05-25,2024,2,5,May,21,True
20240526,2024-05-26,2024,2,5,May,21,True
20240527,2024-05-27,2024,2,5,May,22,True
20240528,2024-05-28,2024,2,5,May,22,True
20240529,2024-05-29,2024,2,5,May,22,True
20240530,2024-05-30,2024,2,5,May,22,True
20240531,2024-05-31,2024,2,5,May,22,True
20240601,2024-06-01,2024,2,6,June,22,True
20240602,2024-06-02,2024,2,6,June,22,True
20240603,2024-06-03,2024,2,6,June,23,True
20240604,2024-06-04,2024,2,6,June,23,True
20240605,2024-06-05,2024,2,6,June,23,True
20240606,2024-06-06,2024,2,6,June,23,True
20240607,2024-06-07,2024,2,6,June,23,True
20240608,2024-06-08,2024,2,6,June,23,True
20240609,2024-06-09,2024,2,6,June,23,True
20240610,2024-06-10,2024,2,6,June,24,True
20240611,2024-06-11,2024,2,6,June,24,True
20240612,2024-06-12,2024,2,6,June,24,True
20240613,2024-06-13,2024,2,6,June,24,True
20240614,2024-06-14,2024,2,6,June,24,True
20240615,2024-06-15,2024,2,6,June,24,True
20240616,2024-06-16,2024,2,6,June,24,True
20240617,2024-06-17,2024,2,6,June,25,True
20240618,2024-06-18,2024,2,6,June,25,True
20240619,2024-06-19,2024,2,6,June,25,True
20240620,2024-06-20,2024,2,6,June,25,True
20240621,2024-06-21,2024,2,6,June,25,True
20240622,2024-06-22,2024,2,6,June,25,True
20240623,2024-06-23,2024,2,6,June,25,True
20240624,2024-06-24,2024,2,6,June,26,True
20240625,2024-06-25,2024,2,6,June,26,True
20240626,2024-06-26,2024,2,6,June,26,True
20240627,2024-06-27,2024,2,6,June,26,True
20240628,2024-06-28,2024,2,6,June,26,True
20240629,2024-06-29,2024,2,6,June,26,True
20240630,2024-06-30,2024,2,6,June,26,True
20240701,2024-07-01,2024,3,7,July,27,False
20240702,2024-07-02,2024,3,7,July,27,False
20240703,2024-07-03,2024,3,7,July,27,False
20240704,2024-07-04,2024,3,7,July,27,False
20240705,2024-07-05,2024,3,7,July,27,False
20240706,2024-07-06,2024,3,7,July,27,False
20240707,2024-07-07,2024,3,7,July,27,False
20240708,2024-07-08,2024,3,7,July,28,False
20240709,2024-07-09,2024,3,7,July,28,False
20240710,2024-07-10,2024,3,7,July,28,False
20240711,2024-07-11,2024,3,7,July,28,False
20240712,2024-07-12,2024,3,7,July,28,False
20240713,2024-07-13,2024,3,7,July,28,False
20240714,2024-07-14,2024,3,7,July,28,False
20240715,2024-07-15,2024,3,7,July,29,False
20240716,2024-07-16,2024,3,7,July,29,False
20240717,2024-07-17,2024,3,7,July,29,False
20240718,2024-07-18,2024,3,7,July,29,False
20240719,2024-07-19,2024,3,7,July,29,False
20240720,2024-07-20,2024,3,7,July,29,False
20240721,2024-07-21,2024,3,7,July,29,False
20240722,2024-07-22,2024,3,7,July,30,False
20240723,2024-07-23,2024,3,7,July,30,False
20240724,2024-07-24,2024,3,7,July,30,False
20240725,2024-07-25,2024,3,7,July,30,False
20240726,2024-07-26,2024,3,7,July,30,False
20240727,2024-07-27,2024,3,7,July,30,False
20240728,2024-07-28,2024,3,7,July,30,False
20240729,2024-07-29,2024,3,7,July,31,False
20240730,2024-07-30,2024,3,7,July,31,False
20240731,2024-07-31,2024,3,7,July,31,False
20240801,2024-08-01,2024,3,8,August,31,False
20240802,2024-08-02,2024,3,8,August,31,False
20240803,2024-08-03,2024,3,8,August,31,False
20240804,2024-08-04,2024,3,8,August,31,False
20240805,2024-08-05,2024,3,8,August,32,False
20240806,2024-08-06,2024,3,8,August,32,False
20240807,2024-08-07,2024,3,8,August,32,False
20240808,2024-08-08,2024,3,8,August,32,False
20240809,2024-08-09,2024,3,8,August,32,False
20240810,2024-08-10,2024,3,8,August,32,False
20240811,2024-08-11,2024,3,8,August,32,False
20240812,2024-08-12,2024,3,8,August,33,False
20240813,2024-08-13,2024,3,8,August,33,False
20240814,2024-08-14,2024,3,8,August,33,False
20240815,2024-08-15,2024,3,8,August,33,False
20240816,2024-08-16,2024,3,8,August,33,False
20240817,2024-08-17,2024,3,8,August,33,False
20240818,2024-08-18,2024,3,8,August,33,False
20240819,2024-08-19,2024,3,8,August,34,False
20240820,2024-08-20,2024,3,8,August,34,False
20240821,2024-08-21,2024,3,8,August,34,False
20240822,2024-08-22,2024,3,8,August,34,False
20240823,2024-08-23,2024,3,8,August,34,False
20240824,2024-08-24,2024,3,8,August,34,False
20240825,2024-08-25,2024,3,8,August,34,False
20240826,2024-08-26,2024,3,8,August,35,False
20240827,2024-08-27,2024,3,8,August,35,False
20240828,2024-08-28,2024,3,8,August,35,False
20240829,2024-08-29,2024,3,8,August,35,False
20240830,2024-08-30,2024,3,8,August,35,False
20240831,2024-08-31,2024,3,8,August,35,False
20240901,2024-09-01,2024,3,9,September,35,True
20240902,2024-09-02,2024,3,9,September,36,True
20240903,2024-09-03,2024,3,9,September,36,True
20240904,2024-09-04,2024,3,9,September,36,True
20240905,2024-09-05,2024,3,9,September,36,True
20240906,2024-09-06,2024,3,9,September,36,True
20240907,2024-09-07,2024,3,9,September,36,True
20240908,2024-09-08,2024,3,9,September,36,True
20240909,2024-09-09,2024,3,9,September,37,True
20240910,2024-09-10,2024,3,9,September,37,True
20240911,2024-09-11,2024,3,9,September,37,True
20240912,2024-09-12,2024,3,9,September,37,True
20240913,2024-09-13,2024,3,9,September,37,True
20240914,2024-09-14,2024,3,9,September,37,True
20240915,2024-09-15,2024,3,9,September,37,True
20240916,2024-09-16,2024,3,9,September,38,True
20240917,2024-09-17,2024,3,9,September,38,True
20240918,2024-09-18,2024,3,9,September,38,True
20240919,2024-09-19,2024,3,9,September,38,True
20240920,2024-09-20,2024,3,9,September,38,True
20240921,2024-09-21,2024,3,9,September,38,True
20240922,2024-09-22,2024,3,9,September,38,True
20240923,2024-09-23,2024,3,9,September,39,True
20240924,2024-09-24,2024,3,9,September,39,True
20240925,2024-09-25,2024,3,9,September,39,True
20240926,2024-09-26,2024,3,9,September,39,True
20240927,2024-09-27,2024,3,9,September,39,True
20240928,2024-09-28,2024,3,9,September,39,True
20240929,2024-09-29,2024,3,9,September,39,True
20240930,2024-09-30,2024,3,9,September,40,True
20241001,2024-10-01,2024,4,10,October,40,True
20241002,2024-10-02,2024,4,10,October,40,True
20241003,2024-10-03,2024,4,10,October,40,True
20241004,2024-10-04,2024,4,10,October,40,True
20241005,2024-10-05,2024,4,10,October,40,True
20241006,2024-10-06,2024,4,10,October,40,True
20241007,2024-10-07,2024,4,10,October,41,True
20241008,2024-10-08,2024,4,10,October,41,True
20241009,2024-10-09,2024,4,10,October,41,True
20241010,2024-10-10,2024,4,10,October,41,True
20241011,2024-10-11,2024,4,10,October,41,True
20241012,2024-10-12,2024,4,10,October,41,True
20241013,2024-10-13,2024,4,10,October,41,True
20241014,2024-10-14,2024,4,10,October,42,True
20241015,2024-10-15,2024,4,10,October,42,True
20241016,2024-10-16,2024,4,10,October,42,True
20241017,2024-10-17,2024,4,10,October,42,True
20241018,2024-10-18,2024,4,10,October,42,True
20241019,2024-10-19,2024,4,10,October,42,True
20241020,2024-10-20,2024,4,10,October,42,True
20241021,2024-10-21,2024,4,10,October,43,True
20241022,2024-10-22,2024,4,10,October,43,True
20241023,2024-10-23,2024,4,10,October,43,True
20241024,2024-10-24,2024,4,10,October,43,True
20241025,2024-10-25,2024,4,10,October,43,True
20241026,2024-10-26,2024,4,10,October,43,True
20241027,2024-10-27,2024,4,10,October,43,True
20241028,2024-10-28,2024,4,10,October,44,True
20241029,2024-10-29,2024,4,10,October,44,True
20241030,2024-10-30,2024,4,10,October,44,True
20241031,2024-10-31,2024,4,10,October,44,True
20241101,2024-11-01,2024,4,11,November,44,True
20241102,2024-11-02,2024,4,11,November,44,True
20241103,2024-11-03,2024,4,11,November,44,True
20241104,2024-11-04,2024,4,11,November,45,True
20241105,2024-11-05,2024,4,11,November,45,True
20241106,2024-11-06,2024,4,11,November,45,True
20241107,2024-11-07,2024,4,11,November,45,True
20241108,2024-11-08,2024,4,11,November,45,True
20241109,2024-11-09,2024,4,11,November,45,True
20241110,2024-11-10,2024,4,11,November,45,True
20241111,2024-11-11,2024,4,11,November,46,True
20241112,2024-11-12,2024,4,11,November,46,True
20241113,2024-11-13,2024,4,11,November,46,True
20241114,2024-11-14,2024,4,11,November,46,True
20241115,2024-11-15,2024,4,11,November,46,True
20241116,2024-11-16,2024,4,11,November,46,True
20241117,2024-11-17,2024,4,11,November,46,True
20241118,2024-11-18,2024,4,11,November,47,True
20241119,2024-11-19,2024,4,11,November,47,True
20241120,2024-11-20,2024,4,11,November,47,True
20241121,2024-11-21,2024,4,11,November,47,True
20241122,2024-11-22,2024,4,11,November,47,True
20241123,2024-11-23,2024,4,11,November,47,True
20241124,2024-11-24,2024,4,11,November,47,True
20241125,2024-11-25,2024,4,11,November,48,True
20241126,2024-11-26,2024,4,11,November,48,True
20241127,2024-11-27,2024,4,11,November,48,True
20241128,2024-11-28,2024,4,11,November,48,True
20241129,2024-11-29,2024,4,11,November,48,True
20241130,2024-11-30,2024,4,11,November,48,True
20241201,2024-12-01,2024,4,12,December,48,True
20241202,2024-12-02,2024,4,12,December,49,True
20241203,2024-12-03,2024,4,12,December,49,True
20241204,2024-12-04,2024,4,12,December,49,True
20241205,2024-12-05,2024,4,12,December,49,True
20241206,2024-12-06,2024,4,12,December,49,True
20241207,2024-12-07,2024,4,12,December,49,True
20241208,2024-12-08,2024,4,12,December,49,True
20241209,2024-12-09,2024,4,12,December,50,True
20241210,2024-12-10,2024,4,12,December,50,True
20241211,2024-12-11,2024,4,12,December,50,True
20241212,2024-12-12,2024,4,12,December,50,True
